page,start_book,start_chapter,end_book,end_chapter,letters_wlc,delta_vs_861
1,Genesis,1,Genesis,1,872,11
2,Genesis,1,Genesis,2,861,0
3,Genesis,2,Genesis,2,861,0
4,Genesis,2,Genesis,3,861,0
5,Genesis,3,Genesis,4,861,0
6,Genesis,4,Genesis,4,861,0
7,Genesis,4,Genesis,5,862,1
8,Genesis,5,Genesis,6,861,0
9,Genesis,6,Genesis,6,861,0
10,Genesis,6,Genesis,7,861,0
11,Genesis,7,Genesis,8,861,0
12,Genesis,8,Genesis,9,861,0
13,Genesis,9,Genesis,9,861,0
14,Genesis,9,Genesis,10,861,0
15,Genesis,10,Genesis,11,861,0
16,Genesis,11,Genesis,11,861,0
17,Genesis,11,Genesis,12,861,0
18,Genesis,12,Genesis,13,861,0
19,Genesis,13,Genesis,14,861,0
20,Genesis,14,Genesis,14,862,1
21,Genesis,14,Genesis,15,861,0
22,Genesis,15,Genesis,16,861,0
23,Genesis,16,Genesis,17,861,0
24,Genesis,17,Genesis,18,861,0
25,Genesis,18,Genesis,18,861,0
26,Genesis,18,Genesis,19,861,0
27,Genesis,19,Genesis,19,861,0
28,Genesis,19,Genesis,19,861,0
29,Genesis,19,Genesis,20,861,0
30,Genesis,20,Genesis,21,861,0
31,Genesis,21,Genesis,21,861,0
32,Genesis,21,Genesis,22,861,0
33,Genesis,22,Genesis,23,862,1
34,Genesis,23,Genesis,23,861,0
35,Genesis,23,Genesis,24,861,0
36,Genesis,24,Genesis,24,861,0
37,Genesis,24,Genesis,24,861,0
38,Genesis,24,Genesis,24,861,0
39,Genesis,24,Genesis,25,861,0
40,Genesis,25,Genesis,26,861,0
41,Genesis,26,Genesis,26,861,0
42,Genesis,26,Genesis,26,861,0
43,Genesis,26,Genesis,27,861,0
44,Genesis,27,Genesis,27,861,0
45,Genesis,27,Genesis,28,861,0
46,Genesis,28,Genesis,28,862,1
47,Genesis,28,Genesis,29,861,0
48,Genesis,29,Genesis,29,861,0
49,Genesis,29,Genesis,30,861,0
50,Genesis,30,Genesis,30,861,0
51,Genesis,30,Genesis,31,861,0
52,Genesis,31,Genesis,31,861,0
53,Genesis,31,Genesis,31,861,0
54,Genesis,31,Genesis,32,861,0
55,Genesis,32,Genesis,32,861,0
56,Genesis,32,Genesis,33,861,0
57,Genesis,33,Genesis,33,861,0
58,Genesis,33,Genesis,34,862,1
59,Genesis,34,Genesis,35,861,0
60,Genesis,35,Genesis,35,861,0
61,Genesis,35,Genesis,36,861,0
62,Genesis,36,Genesis,36,861,0
63,Genesis,36,Genesis,37,861,0
64,Genesis,37,Genesis,37,861,0
65,Genesis,37,Genesis,37,861,0
66,Genesis,37,Genesis,38,861,0
67,Genesis,38,Genesis,39,861,0
68,Genesis,39,Genesis,39,861,0
69,Genesis,39,Genesis,40,861,0
70,Genesis,40,Genesis,41,861,0
71,Genesis,41,Genesis,41,862,1
72,Genesis,41,Genesis,41,861,0
73,Genesis,41,Genesis,41,861,0
74,Genesis,41,Genesis,42,861,0
75,Genesis,42,Genesis,42,861,0
76,Genesis,42,Genesis,43,861,0
77,Genesis,43,Genesis,43,861,0
78,Genesis,43,Genesis,44,861,0
79,Genesis,44,Genesis,44,861,0
80,Genesis,44,Genesis,45,861,0
81,Genesis,45,Genesis,45,861,0
82,Genesis,45,Genesis,46,861,0
83,Genesis,46,Genesis,46,861,0
84,Genesis,46,Genesis,47,862,1
85,Genesis,47,Genesis,47,861,0
86,Genesis,47,Genesis,48,861,0
87,Genesis,48,Genesis,48,861,0
88,Genesis,48,Genesis,49,861,0
89,Genesis,49,Genesis,50,861,0
90,Genesis,50,Genesis,50,861,0
91,Genesis,50,Exodus,1,861,0
92,Exodus,1,Exodus,2,861,0
93,Exodus,2,Exodus,2,861,0
94,Exodus,2,Exodus,3,861,0
95,Exodus,3,Exodus,3,861,0
96,Exodus,3,Exodus,4,861,0
97,Exodus,4,Exodus,4,862,1
98,Exodus,5,Exodus,5,861,0
99,Exodus,5,Exodus,6,861,0
100,Exodus,6,Exodus,6,861,0
101,Exodus,6,Exodus,7,861,0
102,Exodus,7,Exodus,7,861,0
103,Exodus,7,Exodus,8,861,0
104,Exodus,8,Exodus,8,861,0
105,Exodus,8,Exodus,9,861,0
106,Exodus,9,Exodus,9,861,0
107,Exodus,9,Exodus,10,861,0
108,Exodus,10,Exodus,10,861,0
109,Exodus,10,Exodus,11,861,0
110,Exodus,11,Exodus,12,862,1
111,Exodus,12,Exodus,12,861,0
112,Exodus,12,Exodus,12,861,0
113,Exodus,12,Exodus,13,861,0
114,Exodus,13,Exodus,14,861,0
115,Exodus,14,Exodus,14,861,0
116,Exodus,14,Exodus,15,861,0
117,Exodus,15,Exodus,15,861,0
118,Exodus,15,Exodus,16,861,0
119,Exodus,16,Exodus,16,861,0
120,Exodus,16,Exodus,17,861,0
121,Exodus,17,Exodus,18,861,0
122,Exodus,18,Exodus,18,861,0
123,Exodus,18,Exodus,19,861,0
124,Exodus,19,Exodus,19,861,0
125,Exodus,19,Exodus,20,861,0
126,Exodus,20,Exodus,21,861,0
127,Exodus,21,Exodus,21,861,0
128,Exodus,21,Exodus,22,861,0
129,Exodus,22,Exodus,23,861,0
130,Exodus,23,Exodus,23,861,0
131,Exodus,23,Exodus,24,861,0
132,Exodus,24,Exodus,25,861,0
133,Exodus,25,Exodus,25,861,0
134,Exodus,25,Exodus,26,860,-1
135,Exodus,26,Exodus,26,861,0
136,Exodus,26,Exodus,26,861,0
137,Exodus,26,Exodus,27,861,0
138,Exodus,27,Exodus,28,861,0
139,Exodus,28,Exodus,28,861,0
140,Exodus,28,Exodus,28,861,0
141,Exodus,28,Exodus,29,861,0
142,Exodus,29,Exodus,29,861,0
143,Exodus,29,Exodus,30,861,0
144,Exodus,30,Exodus,30,861,0
145,Exodus,30,Exodus,31,861,0
146,Exodus,31,Exodus,32,861,0
147,Exodus,32,Exodus,32,861,0
148,Exodus,32,Exodus,32,861,0
149,Exodus,32,Exodus,33,861,0
150,Exodus,33,Exodus,34,861,0
151,Exodus,34,Exodus,34,861,0
152,Exodus,34,Exodus,34,861,0
153,Exodus,34,Exodus,35,861,0
154,Exodus,35,Exodus,35,861,0
155,Exodus,35,Exodus,36,861,0
156,Exodus,36,Exodus,36,861,0
157,Exodus,36,Exodus,37,861,0
158,Exodus,37,Exodus,37,861,0
159,Exodus,37,Exodus,38,860,-1
160,Exodus,38,Exodus,38,861,0
161,Exodus,38,Exodus,39,861,0
162,Exodus,39,Exodus,39,861,0
163,Exodus,39,Exodus,40,861,0
164,Exodus,40,Exodus,40,861,0
165,Exodus,40,Leviticus,1,861,0
166,Leviticus,1,Leviticus,2,861,0
167,Leviticus,2,Leviticus,3,861,0
168,Leviticus,3,Leviticus,4,861,0
169,Leviticus,4,Leviticus,4,861,0
170,Leviticus,4,Leviticus,5,862,1
171,Leviticus,5,Leviticus,5,861,0
172,Leviticus,5,Leviticus,6,861,0
173,Leviticus,6,Leviticus,6,861,0
174,Leviticus,6,Leviticus,7,861,0
175,Leviticus,7,Leviticus,7,861,0
176,Leviticus,7,Leviticus,8,861,0
177,Leviticus,8,Leviticus,8,861,0
178,Leviticus,8,Leviticus,9,861,0
179,Leviticus,9,Leviticus,9,861,0
180,Leviticus,9,Leviticus,10,862,1
181,Leviticus,10,Leviticus,11,861,0
182,Leviticus,11,Leviticus,11,861,0
183,Leviticus,11,Leviticus,11,861,0
184,Leviticus,11,Leviticus,13,861,0
185,Leviticus,13,Leviticus,13,861,0
186,Leviticus,13,Leviticus,13,861,0
187,Leviticus,13,Leviticus,13,861,0
188,Leviticus,13,Leviticus,14,861,0
189,Leviticus,14,Leviticus,14,861,0
190,Leviticus,14,Leviticus,14,862,1
191,Leviticus,14,Leviticus,15,861,0
192,Leviticus,15,Leviticus,15,861,0
193,Leviticus,15,Leviticus,16,861,0
194,Leviticus,16,Leviticus,16,861,0
195,Leviticus,16,Leviticus,16,861,0
196,Leviticus,16,Leviticus,17,861,0
197,Leviticus,17,Leviticus,18,861,0
198,Leviticus,18,Leviticus,19,861,0
199,Leviticus,19,Leviticus,19,861,0
200,Leviticus,19,Leviticus,20,861,0
201,Leviticus,20,Leviticus,20,862,1
202,Leviticus,20,Leviticus,21,861,0
203,Leviticus,21,Leviticus,22,861,0
204,Leviticus,22,Leviticus,22,861,0
205,Leviticus,22,Leviticus,23,861,0
206,Leviticus,23,Leviticus,23,861,0
207,Leviticus,23,Leviticus,23,861,0
208,Leviticus,23,Leviticus,24,861,0
209,Leviticus,24,Leviticus,25,861,0
210,Leviticus,25,Leviticus,25,861,0
211,Leviticus,25,Leviticus,25,862,1
212,Leviticus,25,Leviticus,26,861,0
213,Leviticus,26,Leviticus,26,861,0
214,Leviticus,26,Leviticus,26,861,0
215,Leviticus,26,Leviticus,27,861,0
216,Leviticus,27,Leviticus,27,861,0
217,Leviticus,27,Numbers,1,861,0
218,Numbers,1,Numbers,1,861,0
219,Numbers,1,Numbers,1,861,0
220,Numbers,1,Numbers,2,861,0
221,Numbers,2,Numbers,3,862,1
222,Numbers,3,Numbers,3,861,0
223,Numbers,3,Numbers,3,861,0
224,Numbers,3,Numbers,4,861,0
225,Numbers,4,Numbers,4,861,0
226,Numbers,4,Numbers,4,861,0
227,Numbers,4,Numbers,5,861,0
228,Numbers,5,Numbers,5,861,0
229,Numbers,5,Numbers,6,861,0
230,Numbers,6,Numbers,6,861,0
231,Numbers,6,Numbers,7,861,0
232,Numbers,7,Numbers,7,861,0
233,Numbers,7,Numbers,7,861,0
234,Numbers,7,Numbers,7,861,0
235,Numbers,7,Numbers,7,861,0
236,Numbers,7,Numbers,8,861,0
237,Numbers,8,Numbers,9,861,0
238,Numbers,9,Numbers,9,861,0
239,Numbers,9,Numbers,10,862,1
240,Numbers,10,Numbers,10,861,0
241,Numbers,10,Numbers,11,861,0
242,Numbers,11,Numbers,11,861,0
243,Numbers,11,Numbers,12,861,0
244,Numbers,12,Numbers,13,862,1
245,Numbers,13,Numbers,14,861,0
246,Numbers,14,Numbers,14,861,0
247,Numbers,14,Numbers,14,861,0
248,Numbers,14,Numbers,15,862,1
249,Numbers,15,Numbers,15,861,0
250,Numbers,15,Numbers,15,861,0
251,Numbers,15,Numbers,16,861,0
252,Numbers,16,Numbers,16,862,1
253,Numbers,16,Numbers,17,861,0
254,Numbers,17,Numbers,18,861,0
255,Numbers,18,Numbers,18,861,0
256,Numbers,18,Numbers,18,862,1
257,Numbers,18,Numbers,19,861,0
258,Numbers,19,Numbers,20,861,0
259,Numbers,20,Numbers,20,862,1
260,Numbers,20,Numbers,21,861,0
261,Numbers,21,Numbers,21,861,0
262,Numbers,21,Numbers,22,861,0
263,Numbers,22,Numbers,22,862,1
264,Numbers,22,Numbers,22,861,0
265,Numbers,22,Numbers,23,861,0
266,Numbers,23,Numbers,24,861,0
267,Numbers,24,Numbers,24,862,1
268,Numbers,24,Numbers,25,861,0
269,Numbers,25,Numbers,26,861,0
270,Numbers,26,Numbers,26,862,1
271,Numbers,26,Numbers,26,861,0
272,Numbers,26,Numbers,27,861,0
273,Numbers,27,Numbers,27,861,0
274,Numbers,27,Numbers,28,862,1
275,Numbers,28,Numbers,29,861,0
276,Numbers,29,Numbers,29,861,0
277,Numbers,29,Numbers,30,862,1
278,Numbers,30,Numbers,30,861,0
279,Numbers,30,Numbers,31,861,0
280,Numbers,31,Numbers,31,861,0
281,Numbers,31,Numbers,31,862,1
282,Numbers,31,Numbers,32,861,0
283,Numbers,32,Numbers,32,861,0
284,Numbers,32,Numbers,33,861,0
285,Numbers,33,Numbers,33,862,1
286,Numbers,33,Numbers,34,861,0
287,Numbers,34,Numbers,34,861,0
288,Numbers,34,Numbers,35,862,1
289,Numbers,35,Numbers,35,861,0
290,Numbers,35,Numbers,36,861,0
291,Numbers,36,Deuteronomy,1,861,0
292,Deuteronomy,1,Deuteronomy,1,862,1
293,Deuteronomy,1,Deuteronomy,1,861,0
294,Deuteronomy,1,Deuteronomy,2,861,0
295,Deuteronomy,2,Deuteronomy,2,862,1
296,Deuteronomy,2,Deuteronomy,3,861,0
297,Deuteronomy,3,Deuteronomy,3,861,0
298,Deuteronomy,3,Deuteronomy,4,861,0
299,Deuteronomy,4,Deuteronomy,4,862,1
300,Deuteronomy,4,Deuteronomy,4,861,0
301,Deuteronomy,4,Deuteronomy,4,861,0
302,Deuteronomy,4,Deuteronomy,5,862,1
303,Deuteronomy,5,Deuteronomy,5,861,0
304,Deuteronomy,5,Deuteronomy,6,861,0
305,Deuteronomy,6,Deuteronomy,7,861,0
306,Deuteronomy,7,Deuteronomy,7,862,1
307,Deuteronomy,7,Deuteronomy,8,861,0
308,Deuteronomy,8,Deuteronomy,8,861,0
309,Deuteronomy,8,Deuteronomy,9,861,0
310,Deuteronomy,9,Deuteronomy,9,862,1
311,Deuteronomy,9,Deuteronomy,10,861,0
312,Deuteronomy,10,Deuteronomy,11,861,0
313,Deuteronomy,11,Deuteronomy,11,862,1
314,Deuteronomy,11,Deuteronomy,11,861,0
315,Deuteronomy,11,Deuteronomy,12,861,0
316,Deuteronomy,12,Deuteronomy,12,861,0
317,Deuteronomy,12,Deuteronomy,13,862,1
318,Deuteronomy,13,Deuteronomy,13,861,0
319,Deuteronomy,13,Deuteronomy,14,861,0
320,Deuteronomy,14,Deuteronomy,15,862,1
321,Deuteronomy,15,Deuteronomy,15,861,0
322,Deuteronomy,15,Deuteronomy,16,861,0
323,Deuteronomy,16,Deuteronomy,17,861,0
324,Deuteronomy,17,Deuteronomy,17,862,1
325,Deuteronomy,17,Deuteronomy,18,861,0
326,Deuteronomy,18,Deuteronomy,19,861,0
327,Deuteronomy,19,Deuteronomy,20,861,0
328,Deuteronomy,20,Deuteronomy,20,862,1
329,Deuteronomy,20,Deuteronomy,21,861,0
330,Deuteronomy,21,Deuteronomy,22,861,0
331,Deuteronomy,22,Deuteronomy,22,862,1
332,Deuteronomy,22,Deuteronomy,23,861,0
333,Deuteronomy,23,Deuteronomy,23,861,0
334,Deuteronomy,23,Deuteronomy,24,861,0
335,Deuteronomy,24,Deuteronomy,25,862,1
336,Deuteronomy,25,Deuteronomy,26,861,0
337,Deuteronomy,26,Deuteronomy,26,861,0
338,Deuteronomy,26,Deuteronomy,27,862,1
339,Deuteronomy,27,Deuteronomy,28,861,0
340,Deuteronomy,28,Deuteronomy,28,861,0
341,Deuteronomy,28,Deuteronomy,28,861,0
342,Deuteronomy,28,Deuteronomy,28,862,1
343,Deuteronomy,28,Deuteronomy,28,861,0
344,Deuteronomy,28,Deuteronomy,29,861,0
345,Deuteronomy,29,Deuteronomy,29,861,0
346,Deuteronomy,29,Deuteronomy,30,862,1
347,Deuteronomy,30,Deuteronomy,31,861,0
348,Deuteronomy,31,Deuteronomy,31,861,0
349,Deuteronomy,31,Deuteronomy,32,862,1
350,Deuteronomy,32,Deuteronomy,32,861,0
351,Deuteronomy,32,Deuteronomy,32,861,0
352,Deuteronomy,32,Deuteronomy,33,861,0
353,Deuteronomy,33,Deuteronomy,33,862,1
354,Deuteronomy,33,Deuteronomy,34,861,0
