value,attested,exact,kollel,books,earliest_work,earliest_era,earliest_ref,left_expr,right_expr,match_type,verification,verification_note
1,11,8,3,11,מדרש לפירושים,~1450?,דרוש השנים עשר - אדם,א,אחד,exact,example_withdrawn,"arithmetic check failed: 1 vs 13 (number word, not an equality)"
2,16,6,10,15,בעל הטורים על התורה,~1300,פרשת תרומה,משנים,שנים,exact,example_withdrawn,"arithmetic check failed: 440 vs 400 (number word, not an equality)"
3,14,8,6,13,בעל הטורים על התורה,~1300,פרשת בא,בא,ג,exact,machine_extracted,
4,6,2,4,6,פרי עץ חיים שער השופר,~1573,,ה,ד,kollel,machine_extracted,
5,25,20,5,19,מדרש לפירושים,~1450?,דרוש אחד ועשרים - שבירות כלים ותיקונם,ד,ה,kollel,machine_extracted,
6,22,12,10,20,ספר קרניים,~1400,דרך פרט,ו,ששה,exact,example_withdrawn,"arithmetic check failed: 6 vs 605 (number word, not an equality)"
7,7,2,5,6,"שער מאמרי רשב""י",~1573,קטע ה,ו,שבעה,kollel,example_withdrawn,"arithmetic check failed: 6 vs 377 (number word, not an equality)"
8,20,16,4,16,עץ חיים,~1573,אלו הכללים שעשה הרחו זל בקטנותו:,הג,בו,exact,machine_extracted,
9,10,9,1,10,ספר קרניים,~1400,דרך כלל,ט,תשעה,exact,example_withdrawn,"arithmetic check failed: 9 vs 775 (number word, not an equality)"
10,39,30,9,20,ספר חסידים,~1200,,אבוא,עשרה,exact,example_withdrawn,"arithmetic check failed: 10 vs 575 (number word, not an equality)"
11,14,12,2,10,מדרש לפירושים,~1450?,דרוש השמיני - כללות חגת,וה,יא,exact,machine_extracted,
12,104,92,12,69,כל בו,~1300,סימן עו,יב,גט,exact,machine_extracted,
13,154,137,17,56,ספר הפליאה,~1390,דה יסוד ולמה יסוד נקרא צדיק,יג,אחד,exact,machine_extracted,
14,31,25,6,16,פירוש קדמון על ספר חסידים,~1200,,דוד,יד,exact,machine_extracted,
15,45,40,5,25,ספר קרניים,~1400,דרך כלל,הוד,יה,exact,machine_extracted,
16,16,15,1,10,בעל הטורים על התורה,~1300,,גדי,היא,kollel,machine_extracted,
17,52,41,11,29,ילקוט שמעוני,~1260,,וחד,הוו,kollel,machine_extracted,
18,36,25,11,24,ספר קרניים,~1400,דרך כלל,ואז ג,חי,kollel,machine_extracted,
19,36,32,4,21,בעל הטורים על התורה,~1300,,י וד,גוי,kollel,machine_extracted,
20,29,24,5,20,בעל הטורים על התורה,~1300,,ואביא,בביאה,exact,machine_extracted,
21,90,82,8,35,בעל הטורים על התורה,~1300,,אך,חובה,exact,machine_extracted,
22,22,20,2,16,דרושי שער הכוונות,~1573,,גכ,יחד,kollel,machine_extracted,
23,5,3,2,5,עץ חיים,~1573,פרק ב,ג יהו,באהיה,kollel,machine_extracted,
24,19,15,4,15,ספר חסידים,~1200,,דויד,אהביו,exact,machine_extracted,
25,9,6,3,8,בעל הטורים על התורה,~1300,,היי,כה,exact,machine_extracted,
26,15,12,3,13,עולם אחד,~1480?,פרק לה,יוי,כו,exact,machine_extracted,
27,11,11,0,9,פרי עץ חיים שער העמידה,~1573,,כז,יגיד,exact,machine_extracted,
28,4,2,2,4,פרי עץ חיים שער השופר,~1573,,זך,כח,kollel,machine_extracted,
29,2,1,1,2,שער הכוונות,~1573,קטע 1,ל,וחטאה,kollel,machine_extracted,
30,46,36,10,34,ברית עולם על ספר חסידים,~1200,,כי,יהודה,exact,machine_extracted,
31,37,20,17,25,מדרש לפירושים,~1450?,דרוש הרביעי - כללות כחב,ייאי,אל,exact,machine_extracted,
32,36,31,5,24,כל בו,~1300,סימן ז,כבוד,לב,exact,machine_extracted,
33,7,2,5,7,"שיטה מקובצת על הש""ס",~1550,דף סג עמוד א,אלא,אבל,kollel,machine_extracted,
34,26,25,1,13,בעל הטורים על התורה,~1300,פרשת ויחי,בלא,ויחי,kollel,machine_extracted,
35,16,8,8,15,בעל הטורים על התורה,~1300,,ידך,ואויבי,kollel,machine_extracted,
36,19,17,2,16,ילקוט שמעוני,~1260,,איכה,לו,exact,machine_extracted,
37,34,30,4,18,עולם אחד,~1480?,פרק פג,לו,אלו,kollel,machine_extracted,
38,1,1,0,1,ליקוטי שושנים (שמשון מאוסטרופולי),~1640,ה,טהג דא האה דא,לח,exact,machine_extracted,
39,15,13,2,12,פרי עץ חיים,~1573,,כוזו,לט,exact,machine_extracted,
40,14,9,5,14,ספר קרניים,~1400,דרך פרט,ארבעים,לי,exact,example_withdrawn,"arithmetic check failed: 323 vs 40 (number word, not an equality)"
41,7,4,3,7,עץ חיים,~1573,פרק ג,חלב,מא,kollel,machine_extracted,
42,31,23,8,22,ספר הפליאה,~1390,ואחר זו השאלה חזר ושאל לו,וול,מב,exact,machine_extracted,
43,13,11,2,13,כל בו,~1300,סימן מח,חלה,מג,exact,machine_extracted,
44,21,15,6,13,מנורת המאור (אבוהב),~1400,פרק ראשון,אדם,דם,kollel,machine_extracted,
45,92,86,6,42,מדרש לפירושים,~1450?,דרוש ב - ספירת חכמה,מה,אדם,exact,machine_extracted,
46,15,8,7,11,בעל הטורים על התורה,~1300,פרשת וירא,אליו,זה בכבוד,kollel,machine_extracted,
47,6,4,2,6,ילקוט שמעוני,~1260,,יובל,בהם,kollel,machine_extracted,
48,16,13,3,11,ספר הפליאה,~1390,דה נקראים הוא ובית דינו,הגדול,מח,exact,machine_extracted,
49,30,25,5,21,בעל הטורים על התורה,~1300,,להביא,הביאה. ג הביאה,kollel,machine_extracted,
50,70,59,11,40,בעל הטורים על התורה,~1300,פרשת לך לך,נ,לך,exact,machine_extracted,
51,14,7,7,9,מדרש לפירושים,~1450?,דרוש היח - כללות זונ,אדום,נא,exact,machine_extracted,
52,97,89,8,53,ילקוט שמעוני,~1260,,נא,נב,kollel,machine_extracted,
53,4,4,0,4,מגלה עמוקות על איוב,~1637,,אבן,גן,exact,machine_extracted,
54,3,2,1,3,מגלה עמוקות,~1637,,דמי,דן,exact,machine_extracted,
55,14,12,2,9,ילקוט שמעוני,~1260,,הן,נה,exact,machine_extracted,
56,8,5,3,8,ספר הפליאה,~1390,דה ויגרש את האדם וישכן מקדם לגע,כח כח,והאדם,exact,machine_extracted,
57,22,17,5,10,עץ חיים,~1573,פרק ג,ויו. יוד הי,יוד הי ויו,exact,machine_extracted,
58,14,13,1,10,בעל הטורים על התורה,~1300,פרשת בא,וכלב,ובן,exact,machine_extracted,
59,4,3,1,4,מגלה צפונות,~1700,ברוך תהיה מכל העמים וכו,המטה,טן,exact,machine_extracted,
60,22,20,2,18,בעל הטורים על התורה,~1300,,הנה,הלכה,exact,machine_extracted,
61,18,13,5,11,בעל הטורים על התורה,~1300,פרשת משפטים,יאכל,הנאה,exact,machine_extracted,
62,11,7,4,10,ספר יראים,~1190,רלה,בלל,סב,exact,machine_extracted,
63,32,28,4,19,ספר קרניים,~1400,דרך כלל,חוטם,סג,exact,machine_extracted,
64,11,8,3,9,בעל הטורים על התורה,~1300,,הכלי,אבל לא,kollel,machine_extracted,
65,129,118,11,45,בעל הטורים על התורה,~1300,,דודאים,כאדם,exact,machine_extracted,
66,19,9,10,13,בעל הטורים על התורה,~1300,פרשת ויצא,וילך,בו ביום,exact,machine_extracted,
67,23,9,14,7,מדרש לפירושים,~1450?,דרוש השלישי - ספירת בינה,יחן,בינה,kollel,machine_extracted,
68,55,48,7,26,בעל הטורים על התורה,~1300,,לולב,חיים,exact,machine_extracted,
69,8,5,3,7,פירוש קדמון על ספר חסידים,~1200,,כן,הוא כלוא,kollel,machine_extracted,
70,90,81,9,44,בעל הטורים על התורה,~1300,פרשת תולדות,נזיד,אל אבלו,kollel,machine_extracted,
71,13,6,7,11,מדרש לפירושים,~1450?,דרוש הטז - ספירת יסוד ומלכות,סוד,כאן,kollel,machine_extracted,
72,110,98,12,51,ספר הפליאה,~1390,דה ויכלו השמים והארץ וכל צבאם,ויכלו,עב,exact,machine_extracted,
73,36,23,13,21,מדרש לפירושים,~1450?,דרוש ב - ספירת חכמה,גמל,חכמה,exact,machine_extracted,
74,22,11,11,13,בעל הטורים על התורה,~1300,,עד,כה כה וזהו,exact,machine_extracted,
75,13,9,4,10,בעל הטורים על התורה,~1300,,היין,יללה,exact,machine_extracted,
76,16,12,4,12,דרושי שער הכוונות,~1573,,עו,ניחח,exact,machine_extracted,
77,6,4,2,5,ספר קרניים,~1400,פירוש דרך כלל,עבד,עז,kollel,machine_extracted,
78,33,33,0,16,ספר קרניים,~1400,פירוש קרן הצבי,עח,מזלא,exact,machine_extracted,
79,7,3,4,5,בעל הטורים על התורה,~1300,,אך נח,עוג,exact,machine_extracted,
80,68,59,9,24,פירוש קדמון על ספר חסידים,~1200,,פ,כלל,exact,machine_extracted,
81,26,22,4,15,בעל הטורים על התורה,~1300,,אנכי,כסא,exact,machine_extracted,
82,4,3,1,4,בעל הטורים על התורה,~1300,,לבן,עזה,exact,machine_extracted,
83,8,7,1,7,שער הכוונות דרושי חג השבועות דרוש א,~1573,,מו לז,פג,exact,machine_extracted,
84,24,18,6,15,בעל הטורים על התורה,~1300,,יגע,היסט,kollel,machine_extracted,
85,37,29,8,18,בעל הטורים על התורה,~1300,,נא ידך,מילה,exact,machine_extracted,
86,155,140,15,57,בעל הטורים על התורה,~1300,,אלהים,הוא דיין,exact,machine_extracted,
87,24,19,5,12,ספר קרניים,~1400,פירוש דן ידין,לבנה,פז,exact,machine_extracted,
88,9,8,1,5,בעל הטורים על התורה,~1300,פרשת משפטים,ועבדו,לא הבן,exact,machine_extracted,
89,11,5,6,7,"פרי עץ חיים שער ר""ח חנוכה ופורים",~1573,סוד שמונת ימי חנוכה,חנוכה,סג כו,exact,machine_extracted,
90,36,27,9,19,בעל הטורים על התורה,~1300,,לכם,המילה,exact,machine_extracted,
91,67,59,8,32,בעל הטורים על התורה,~1300,,אפוד,מלאך,exact,machine_extracted,
92,5,3,2,5,ספר קרניים,~1400,פירוש דן ידין,פחד,אלוהים,exact,machine_extracted,
93,8,7,1,4,שער הפסוקים,~1573,סימן קי,אז הוא בסוד,ו. ואף,kollel,machine_extracted,
94,2,1,1,2,ספר הפליאה,~1390,דה וראה והבן ששלושה הבדלים הם,דמים,דם ודם,exact,machine_extracted,
95,12,12,0,5,בעל הטורים על התורה,~1300,,בגץ,יסכה,exact,machine_extracted,
96,34,28,6,18,ספר קרניים,~1400,דרך פרט,אל אדני,צו,exact,machine_extracted,
97,11,7,4,7,בעל הטורים על התורה,~1300,,ויזנב בך,זה מילה,exact,machine_extracted,
98,10,9,1,7,בעל הטורים על התורה,~1300,,איפוא,גהנם,exact,machine_extracted,
99,3,1,2,3,בן יהוידע,~1900,,נדמה,טיט היון,exact,machine_extracted,
100,83,74,9,54,פירוש קדמון על ספר חסידים,~1200,,ק,לך כל,exact,machine_extracted,
101,19,16,3,12,בעל הטורים על התורה,~1300,,צואה,ההבל ויהבלו,kollel,machine_extracted,
102,49,46,3,27,ספר חסידים,~1200,,אחים גם,בנים,exact,machine_extracted,
103,18,16,2,11,בעל הטורים על התורה,~1300,פרשת וישלח,מנחה,אבנים,exact,machine_extracted,
104,5,4,1,5,מנורת המאור (אלנקאווה),~1400,פרק שני,ציד,צדי,exact,machine_extracted,
105,6,3,3,6,מדרש לפירושים,~1450?,הקדמה שלישית,ולכן,אהיה דיודין,kollel,machine_extracted,
106,12,8,4,8,ספר קרניים,~1400,דרך כלל,נון,קו,exact,machine_extracted,
107,10,5,5,7,בעל הטורים על התורה,~1300,,מחה אמחה,זה המן,exact,machine_extracted,
108,15,15,0,10,בעל הטורים על התורה,~1300,פרשת נח,חמס,גיהנם,exact,machine_extracted,
109,10,5,5,6,שער הגלגולים,~1573,שורש קין,עם,והב הוא למטה,kollel,machine_extracted,
110,106,16,90,20,מנורת המאור (אבוהב),~1400,פרק ראשון,"הכלי, הם",עם,exact,machine_extracted,
111,39,24,15,24,ספר קרניים,~1400,דרך פרט,עלי,אלף,kollel,machine_extracted,
112,15,11,4,12,מדרש לפירושים,~1450?,דרוש היח - כללות זונ,בנס,יבק,exact,machine_extracted,
113,2,1,1,2,שער הפסוקים,~1573,סימן סה,קיד,פלג,kollel,machine_extracted,
114,11,7,4,10,בעל הטורים על התורה,~1300,,לנכדי,בן בני,exact,machine_extracted,
115,11,3,8,11,כל בו,~1300,סימן ז,ה עולה,לב והם לב,kollel,machine_extracted,
116,20,16,4,15,דרושי שער הכוונות,~1573,,העולה,ועם,exact,machine_extracted,
117,9,6,3,5,ספר קרניים,~1400,דרך פרט,אבינו. וגם,יבין מה,kollel,machine_extracted,
118,4,2,2,4,ילקוט שמעוני,~1260,,טעם,הוא גבוה מן,kollel,machine_extracted,
119,8,5,3,7,ספר קרניים,~1400,פירוש קרן הצבי,כף יוד,והאי איהו הסוד,kollel,machine_extracted,
120,46,46,0,16,בעל הטורים על התורה,~1300,,סין,הסנה,exact,machine_extracted,
121,3,2,1,3,עץ חיים,~1573,דרוש א,זה עם,מילוי דאהיה,kollel,machine_extracted,
122,4,2,2,4,ספר קרניים,~1400,דרך פרט,פי אל,חסדים,kollel,machine_extracted,
123,6,2,4,6,עץ חיים,~1573,פרק ז - מת,נגע,קכג,exact,machine_extracted,
124,6,5,1,6,כל בו,~1300,סימן קכב,קכד,יוחנן,exact,machine_extracted,
125,10,8,2,8,ספר הפליאה,~1390,דה וראה והבן והיה במלואו דם,הכנים,הכסיל,exact,machine_extracted,
126,14,10,4,10,ספר קרניים,~1400,דרך כלל,יוד נון,ועם י,exact,machine_extracted,
127,6,4,2,5,מדרש לפירושים,~1450?,דרוש הטו - ספירת מלכות,ואו עם ג,וממילא,kollel,machine_extracted,
128,9,6,3,9,דרושי שער הכוונות,~1573,,קכח,בומף,exact,machine_extracted,
129,4,3,1,3,בעל הטורים על התורה,~1300,פרשת וירא,כחם היום,דם מילה,exact,machine_extracted,
130,35,33,2,25,בעל הטורים על התורה,~1300,,לצוד,מן גזל,exact,machine_extracted,
131,27,18,9,18,ספר קרניים,~1400,דרך פרט,עין,מבטלים,kollel,machine_extracted,
132,3,3,0,2,"פרי עץ חיים שער ר""ח חנוכה ופורים",~1573,נרות חנוכה,אהיה זו היא ביודין,גם חנוכה,exact,machine_extracted,
133,4,2,2,4,ספר קרניים,~1400,פירוש דן ידין,עגל ל,קלג,exact,machine_extracted,
134,4,3,1,4,ספר קרניים,~1400,דרך כלל,הפליט,קדל,exact,machine_extracted,
135,22,18,4,11,מדרש לפירושים,~1450?,דרוש הרביעי - כללות כחב,הקל,עב סג,exact,machine_extracted,
136,32,26,6,15,בעל הטורים על התורה,~1300,פרשת ויצא,ממון,עוני,exact,machine_extracted,
137,8,5,3,6,עץ חיים,~1573,דרוש ב - מק - דרוש חסדים וגבורות,הם כה והנה,מוצא,kollel,machine_extracted,
138,17,14,3,12,כל בו,~1300,סימן קז,חמץ,פגימה,exact,machine_extracted,
139,1,1,0,1,בעל הטורים על התורה,~1300,,מן הדם,דמי מילה,exact,machine_extracted,
140,16,15,1,7,בעל הטורים על התורה,~1300,,פני,כלפי,exact,machine_extracted,
141,9,1,8,5,עץ חיים,~1573,פרק א,ויפ מו,הכוללים,kollel,machine_extracted,
142,10,9,1,6,מדרש לפירושים,~1450?,דרוש היג - בלק ובלעם,בלעם,קמב,exact,machine_extracted,
143,4,2,2,4,שער הפסוקים,~1573,פרק ד,קמג,מעגל,exact,machine_extracted,
144,3,2,1,3,בעל הטורים על התורה,~1300,,היד החזקה,אף חימה,exact,machine_extracted,
145,5,1,4,4,טור ברקת,~1650,פירוש נוסף על הסימן לצד עילאה,עיסה,קמה,exact,machine_extracted,
146,9,9,0,5,ספר קרניים,~1400,דרך כלל,יוד יוד נון,קמו,exact,machine_extracted,
147,2,0,2,2,דרושי שער הכוונות,~1573,,גם אהיה דיודין,וזס עד,kollel,machine_extracted,
148,15,14,1,8,ספר הפליאה,~1390,דה וכשם שגזר עשר ולא תשע כן גזר,בעיני ה,"אדני, ואלולי",kollel,machine_extracted,
149,6,2,4,6,בעל הטורים על התורה,~1300,פרשת אחרי מות,סמים,מדקה,kollel,machine_extracted,
150,19,16,3,15,בעל הטורים על התורה,~1300,פרשת בא,מעלי,בפסח,exact,machine_extracted,
151,22,17,5,13,דרושי שער הכוונות,~1573,,קנא,מקוה,exact,machine_extracted,
152,2,1,1,2,"פרי עץ חיים שער ר""ח חנוכה ופורים",~1573,נרות חנוכה,"הא, קמז","וכו, וחנון",kollel,machine_extracted,
153,3,3,0,1,מגלה עמוקות,~1637,,הפסגה,מחיצה,exact,machine_extracted,
154,2,1,1,2,מגלה עמוקות,~1637,,הפסגה,עולם הבא,kollel,machine_extracted,
155,5,3,2,4,מדרש לפירושים,~1450?,דרוש ב - ספירת חכמה,סוד ד יודין,וכל אחד כלול,kollel,machine_extracted,
156,61,60,1,24,ספר קרניים,~1400,דרך כלל,כוס יין,יוסף,exact,machine_extracted,
157,11,9,2,6,בעל הטורים על התורה,~1300,פרשת משפטים,מזיק,נזק,exact,machine_extracted,
158,3,2,1,3,שער הגלגולים,~1573,,במלוי ההין,"בן, ולכן",exact,machine_extracted,
159,18,18,0,2,שער הפסוקים,~1573,סימן י,"והם ג אהיה, דיודין",הכוללים. וזה,exact,machine_extracted,
160,42,37,5,18,ספר קרניים,~1400,דרך כלל,נפל,קין,exact,machine_extracted,
161,22,11,11,16,בעל הטורים על התורה,~1300,,בעמים,בין הבבליים,kollel,machine_extracted,
162,3,1,2,3,פרי עץ חיים שער חג המצות,~1573,,קסא,מסבין,kollel,machine_extracted,
163,5,2,3,4,מגלה עמוקות,~1637,,אלף הי ויו הי,אצבע,exact,machine_extracted,
164,1,1,0,1,משמרת הקודש,,הלכות נדה,יקדים,סט כל מה,exact,machine_extracted,
165,2,2,0,2,מנורת המאור (אבוהב),~1400,פרק שני,וסופו ז,ימי המילה. באבי,exact,machine_extracted,
166,19,19,0,11,בעל הטורים על התורה,~1300,פרשת משפטים,כספו,כדין לבהמה,exact,machine_extracted,
167,4,1,3,4,בעל הטורים על התורה,~1300,פרשת בראשית,נקיבה,בקללה,exact,machine_extracted,
168,2,2,0,2,כף החיים (פאלאג'י),~1859,סימן כב,לחמם טמא,בלא ניגוב ידים,exact,machine_extracted,
170,14,11,3,9,בעל הטורים על התורה,~1300,,ניסן,למלכים,exact,machine_extracted,
171,3,2,1,3,מעשה רוקח על המשנה,~1740,מסכת עירובין,עומדים,טו אמה עם,kollel,machine_extracted,
172,17,16,1,7,מדרש לפירושים,~1450?,דרוש העשרים ושמונה - התקשרות לאה ורחל,ענבים,עקב,exact,machine_extracted,
173,2,1,1,2,פרי עץ חיים שער חג המצות,~1573,,לכן יום טוב,סג עם,exact,machine_extracted,
174,1,0,1,1,"גר""א על ספר יצירה",,א,מינים בכא,כלול מיהו וכא,kollel,machine_extracted,
175,6,3,3,4,עץ חיים,~1573,אלו הכללים שעשה הרחו זל בקטנותו:,דאלפין,אך נלעד,exact,machine_extracted,
176,8,7,1,5,עץ חיים,~1573,פרק ה - מת,קעו,לעולם,exact,machine_extracted,
177,1,1,0,1,מעשה רוקח על המשנה,~1740,בבא מציעא,המקבל,גן עדן,exact,machine_extracted,
178,5,2,3,4,עץ חיים,~1573,פרק ג,ואלפין,כזה אלף הי יוד,kollel,machine_extracted,
179,5,2,3,3,"פרי עץ חיים שער ר""ח חנוכה ופורים",~1573,סוד שמונת ימי חנוכה,קפ,להדליק,kollel,machine_extracted,
180,20,14,6,11,מדרש לפירושים,~1450?,דרוש העשירי - מערת המכפלה,המכפלה,עב סג מה,exact,machine_extracted,
181,5,1,4,4,בעל הטורים על התורה,~1300,פרשת וישב,אהב אביהם מכל אחיו,סוד לו בלבד ולא,exact,machine_extracted,
182,31,26,5,8,בעל הטורים על התורה,~1300,פרשת ויחי,מאסף,יעקב,kollel,machine_extracted,
183,4,2,2,4,בעל הטורים על התורה,~1300,פרשת ויצא,יעקב,פנה זיוה הודה,kollel,machine_extracted,
184,8,7,1,7,ספר קרניים,~1400,דרך כלל,מקדם,קפד,exact,machine_extracted,
185,13,10,3,7,דרושי שער הכוונות,~1573,,למד עולה,הקף,exact,machine_extracted,
186,35,30,5,19,ספר קרניים,~1400,דרך כלל,קוף,מקום,exact,machine_extracted,
187,2,2,0,2,דרושי שער הכוונות,~1573,,ויט הם בגי קב,ונמצא,exact,machine_extracted,
188,4,0,4,4,מנורת המאור (אבוהב),~1400,פרק רביעי,ופג ימים,כנגדו הם ימי,kollel,machine_extracted,
189,2,1,1,2,פרי עץ חיים שער השבת,~1573,,"ינעם, והוא",אהיה במלוי יודין,kollel,machine_extracted,
190,15,13,2,10,בעל הטורים על התורה,~1300,פרשת וישב,פסים,פס יד לו,exact,machine_extracted,
192,1,1,0,1,ספר קרניים,~1400,דרך פרט,והאמצים,במכוון. וכל זה,exact,machine_extracted,
194,7,4,3,6,פרי עץ חיים שער הקריאת שמע,~1573,,לף מד מ,צדק,exact,machine_extracted,
195,2,2,0,2,ספר קרניים,~1400,פירוש דן ידין,לכולם. והנה ג,קצה,exact,machine_extracted,
196,4,3,1,4,בעל הטורים על התורה,~1300,פרשת ויצא,והנה סלם,וקץ,exact,machine_extracted,
197,1,0,1,1,פרי עץ חיים שער העמידה,~1573,,קצח,אל עליון,kollel,machine_extracted,
199,2,0,2,1,"ציצים ופרחים (יעב""ץ)",~1750,הערות צוויבל,ר,צדקה,kollel,machine_extracted,
200,14,8,6,10,ספר קרניים,~1400,פירוש דן ידין,אל אלה אלהי אלהים,ר,kollel,machine_extracted,
201,3,3,0,2,שער הפסוקים,~1573,סימן טל,"מגולים, וכל זוג","בן, והנה גפ",exact,machine_extracted,
202,12,10,2,8,עץ חיים,~1573,קב נצוצין,עב קל,רב,exact,machine_extracted,
203,1,1,0,1,פרי עץ חיים שער קריאת שמע שעל המיטה,~1573,,אלף למד וו הא,באר,exact,machine_extracted,
204,6,2,4,5,מדרש לפירושים,~1450?,דרוש אחד ועשרים - שבירות כלים ותיקונם,בבל מדי יון אדום,נקדים,kollel,machine_extracted,
205,8,5,3,5,פרי עץ חיים שער תפילות ראש השנה,~1573,,והם קנה,אמנם דע,kollel,machine_extracted,
206,6,3,3,5,ספר הפליאה,~1390,דה הידעת חוקות שמים,כף יוד מם הא,רו,exact,machine_extracted,
207,37,32,5,22,בעל הטורים על התורה,~1300,פרשת וישב,זקנים,רז,exact,machine_extracted,
208,49,41,8,20,בעל הטורים על התורה,~1300,,ארבה,יצחק,exact,machine_extracted,
209,5,3,2,5,בעל הטורים על התורה,~1300,,חמץ דם זבחי,מחצי היום,exact,machine_extracted,
210,29,26,3,21,בעל הטורים על התורה,~1300,פרשת וישב,עמק,רדו,exact,machine_extracted,
211,9,7,2,7,ספר קרניים,~1400,דרך כלל,יאר,הדבר,exact,machine_extracted,
212,7,7,0,6,בעל הטורים על התורה,~1300,,ויעפילו,צלפחד,exact,machine_extracted,
213,14,12,2,4,עץ חיים,~1573,פרק ה,הנל ויפ לב,לב אלקים,exact,machine_extracted,
214,8,7,1,4,שער הכוונות,~1573,יהי כבוד ואשרי יושבי,ריד,רוח,exact,machine_extracted,
215,8,5,3,7,ספר קרניים,~1400,פירוש דן ידין,מעקה,סעפה,exact,machine_extracted,
216,82,75,7,41,מדרש לפירושים,~1450?,דרוש ב - משפט,חרבו,ריו,exact,machine_extracted,
217,4,3,1,3,פרי עץ חיים שער ספירת העומר,~1573,,כי אלהים דמילוי,"אלף, ולכן",kollel,machine_extracted,
218,9,8,1,5,בעל הטורים על התורה,~1300,,ריח,ליל פסח,exact,machine_extracted,
219,1,0,1,1,"ציצים ופרחים (יעב""ץ)",~1750,מהדורת צוויבל,מלוי צבי כזה,רזי ב,kollel,machine_extracted,
220,5,4,1,5,בעל הטורים על התורה,~1300,פרשת בראשית,ורוח,רוחו,exact,machine_extracted,
221,11,9,2,9,בעל הטורים על התורה,~1300,,הריאה,רוב אחד,exact,machine_extracted,
222,3,1,2,1,בעל הטורים על התורה,~1300,,ויראו,בעננים,kollel,machine_extracted,
223,5,3,2,5,בעל הטורים על התורה,~1300,פרשת ויגש,להלחם עם,גם נכנס,exact,machine_extracted,
224,4,2,2,4,בעל הטורים על התורה,~1300,,וירח,יום פסח היה,exact,machine_extracted,
225,6,5,1,4,בעל הטורים על התורה,~1300,פרשת משפטים,ומקלל אביו,זהו בסקילה,exact,machine_extracted,
226,10,8,2,6,מדרש לפירושים,~1450?,דרוש הטו - ספירת מלכות,רוח זה,ועיין במגלה,exact,machine_extracted,
227,20,18,2,15,בעל הטורים על התורה,~1300,פרשת בראשית,זכר,ברכה,exact,machine_extracted,
228,12,10,2,9,ספר קרניים,~1400,פירוש דן ידין,רכח,נצח יסוד,exact,machine_extracted,
229,1,1,0,1,ספר הפליאה,~1390,דה וראה והבן והיה במלואו דם,בברכה,הדרך,exact,machine_extracted,
230,1,1,0,1,פירוש קדמון על ספר חסידים,~1200,,הוא עצבון,רל,exact,machine_extracted,
231,13,9,4,5,מדרש לפירושים,~1450?,דרוש היז - כללות נהים,גבורה הוד,רלא,exact,machine_extracted,
232,29,26,3,14,בעל הטורים על התורה,~1300,,מזבח לפניו,זהו חור,kollel,machine_extracted,
233,22,19,3,16,בעל הטורים על התורה,~1300,,יוד ואו סמך פא,בכורה,kollel,machine_extracted,
234,2,1,1,2,פרי עץ חיים,~1573,,"בסוד כנף, הוא",ומילואיו הוא גם כן,exact,machine_extracted,
236,6,5,1,4,מדרש לפירושים,~1450?,דרוש הטז - ספירת יסוד ומלכות,ירכו,רלו,exact,machine_extracted,
237,6,3,3,4,בעל הטורים על התורה,~1300,,מנגד סביב לאהל,לאלפים אמה,exact,machine_extracted,
238,20,16,4,9,בעל הטורים על התורה,~1300,,מצחק,להרג,exact,machine_extracted,
239,7,2,5,7,מדרש לפירושים,~1450?,דרוש העשרים - ה חסדים וה גבורות,פעמים,במקא. וידוע,kollel,machine_extracted,
240,35,31,4,21,בעל הטורים על התורה,~1300,,כי ברח,עמלק,exact,machine_extracted,
241,6,3,3,4,דרושי שער הכוונות,~1573,,ידוד הוא עצמו,ידוד ויאר,kollel,machine_extracted,
242,6,5,1,5,עץ חיים,~1573,פרק ז,ואחורי דאוא,דאוא רל,kollel,machine_extracted,
243,10,9,1,8,מדרש לפירושים,~1450?,דרוש הטו - ספירת מלכות,לי רב,נצח הוד יסוד,kollel,machine_extracted,
244,1,0,1,1,זהר חדש (מנוקד),,תקונים מזהר חדש,אאריך. ודא,דקצים,kollel,machine_extracted,
245,2,1,1,2,בעל הטורים על התורה,~1300,,רמה,פסל מיכה,exact,machine_extracted,
246,6,4,2,5,בעל הטורים על התורה,~1300,פרשת תרומה,מראה,גבריאל,exact,machine_extracted,
247,5,4,1,5,"שער מאמרי רז""ל",~1573,מסכת ברכות,רמח,מורא,kollel,machine_extracted,
248,72,59,13,38,ספר חסידים,~1200,,במארה,חרם,exact,machine_extracted,
249,1,1,0,1,מעשה רוקח על המשנה,~1740,מסכת כריתות,סמים ולבונה,עם ג כוללים,exact,machine_extracted,
250,14,13,1,12,ספר קרניים,~1400,פירוש דן ידין,וג פעמים,למעלה. והבן זה,kollel,machine_extracted,
251,6,4,2,6,בעל הטורים על התורה,~1300,,יאמר,זה מין הטענה,exact,machine_extracted,
252,7,5,2,6,מגלה עמוקות,~1637,,רב לך,רנב,exact,machine_extracted,
253,16,7,9,12,ספר חסידים,~1200,,וחרם,אברים,kollel,machine_extracted,
254,2,1,1,2,ילקוט שמעוני,~1260,,אברים,מחוספס,kollel,machine_extracted,
255,6,2,4,5,עץ חיים,~1573,פרק ה,פעמים יד,סוד הענין,kollel,machine_extracted,
256,13,10,3,8,עץ חיים,~1573,פרק ז - מת,אהרן,עב קפד,exact,machine_extracted,
257,10,8,2,7,בעל הטורים על התורה,~1300,פרשת מצורע,על מים חיים,לא במים מלוחים,kollel,machine_extracted,
258,5,1,4,3,עץ חיים,~1573,פרק ה,גרון,חרן,kollel,machine_extracted,
259,8,5,3,6,בעל הטורים על התורה,~1300,,ראובן,לא בכור,exact,machine_extracted,
260,15,13,2,8,ספר קרניים,~1400,דרך פרט,כרם,רס,exact,machine_extracted,
261,2,2,0,2,פרי עץ חיים שער הקדישים,~1573,,אל הקליפה,וה עצמן,exact,machine_extracted,
262,3,2,1,3,פרי עץ חיים שער הזמירות,~1573,,צלופומי,רסב,exact,machine_extracted,
264,6,6,0,3,מגלה עמוקות,~1637,,אברכיאל,ירדן,exact,machine_extracted,
265,4,3,1,4,שער הפסוקים,~1573,סימן כה,"קל, וקל",קעה עכ,kollel,machine_extracted,
266,1,1,0,1,בעל הטורים על התורה,~1300,פרשת בהעלתך,כמראה,כגבריאל,exact,machine_extracted,
267,9,7,2,7,מדרש לפירושים,~1450?,דרוש הטז - ספירת יסוד ומלכות,עם יוסף,כאמור,kollel,machine_extracted,
268,10,7,3,6,בעל הטורים על התורה,~1300,פרשת ויצא,סלם מוצב,מרכבו,exact,machine_extracted,
269,3,2,1,3,בעל הטורים על התורה,~1300,פרשת ויחי,וירבו מאד,ס רבוא,exact,machine_extracted,
270,8,6,2,7,פרי עץ חיים שער קריאת שמע שעל המיטה,~1573,,רע,ער,exact,machine_extracted,
271,5,5,0,5,עולם אחד,~1480?,פרק צו - תשעה מי יודע,הריון,רעא,exact,machine_extracted,
272,9,9,0,6,ספר קרניים,~1400,דרך פרט,חי קים לעד,ערב,exact,machine_extracted,
273,3,3,0,2,בעל הטורים על התורה,~1300,,אם לא ימצא הגנב,הוא עצמו גנב,exact,machine_extracted,
274,24,19,5,11,ספר חסידים,~1200,,ברעא,ברעב,kollel,machine_extracted,
275,5,3,2,5,עץ חיים,~1573,פרק ח,נזר והוא,אחוריים,exact,machine_extracted,
276,5,4,1,4,מגלה צפונות,~1700,כן בנות צלפחד וכו,וזהו דרמז,לומר,kollel,machine_extracted,
277,21,16,5,16,מנורת המאור (אבוהב),~1400,פרק רביעי,רעז,עזר,exact,machine_extracted,
278,44,44,0,6,בעל הטורים על התורה,~1300,פרשת וישב,מגורי אביו,זה חברון,exact,machine_extracted,
280,57,55,2,26,ספר קרניים,~1400,פירוש דן ידין,רף,סנדלפון,exact,machine_extracted,
281,5,0,5,3,עץ חיים,~1573,דרוש א,ברבוע,קכו: נלח כי אלו,kollel,machine_extracted,
282,5,3,2,4,ספר חסידים,~1200,,או ברעב,או ברעג,kollel,machine_extracted,
283,1,1,0,1,לשון חכמים,~1900,תיקון היסוד,רפג,אורח חיים,exact,machine_extracted,
285,3,2,1,3,מדרש לפירושים,~1450?,דרוש הטו - ספירת מלכות,העיר,פרה,exact,machine_extracted,
286,3,0,3,3,ספר קרניים,~1400,דרך פרט,ב פעמים גם,פה עם הכולל,kollel,machine_extracted,
287,1,1,0,1,בעל הטורים על התורה,~1300,פרשת וירא,ואפר,בפרה,exact,machine_extracted,
288,15,14,1,9,דרושי שער הכוונות,~1573,,רפח,עב ריו,exact,machine_extracted,
289,4,2,2,3,בעל הטורים על התורה,~1300,,נביא אקים להם,זהו ירמיהו,exact,machine_extracted,
290,6,6,0,5,פרי עץ חיים שער הקריאת שמע,~1573,,רצ,מרים,exact,machine_extracted,
291,2,1,1,2,"שער מאמרי רשב""י",~1573,עלמא קדמאה וכו לאלף אלפים ורבוא רבוון וכולי,וחד קוצין בהאי,ואמר כי בזה,kollel,machine_extracted,
292,2,2,0,2,מגלה עמוקות,~1637,,פעמים בן,"אריה, וכן",exact,machine_extracted,
293,3,2,1,3,מגלה עמוקות,~1637,,בארץ,פרגוד,exact,machine_extracted,
294,3,2,1,3,מגלה עמוקות,~1637,,נמרד,ארגמן,exact,machine_extracted,
295,7,4,3,7,בעל הטורים על התורה,~1300,פרשת נח,צהר,לאור האבן,exact,machine_extracted,
296,9,7,2,8,מדרש לפירושים,~1450?,דרוש היא - כללות נצח והוד,ארצה,צור,exact,machine_extracted,
297,10,4,6,7,עץ חיים,~1573,פרק ז,רמון,נוריאל,kollel,machine_extracted,
298,4,3,1,3,מדרש לפירושים,~1450?,דרוש העשירי - מערת המכפלה,לסחר,אורח לגן,exact,machine_extracted,
299,1,0,1,1,פרי עץ חיים שער השבת,~1573,,ש,"פעמים הא, גימ",kollel,machine_extracted,
300,50,46,4,27,פירוש קדמון על ספר חסידים,~1200,,אש,יצר,kollel,machine_extracted,
301,9,5,4,4,מעשה רוקח על המשנה,~1740,מסכת סנהדרין,הברדלס,אש,exact,machine_extracted,
302,1,0,1,1,עץ חיים,~1573,אלו הכללים שעשה הרחו זל בקטנותו:,שבא,מהם נמצא כי בד,kollel,machine_extracted,
303,1,0,1,1,"ציצים ופרחים (יעב""ץ)",~1750,מהדורת וויקיטקסט,ונראה לי ב,רומזים,kollel,machine_extracted,
304,5,5,0,3,פרי עץ חיים שער העמידה,~1573,,מקבץ נדחי,שד,exact,machine_extracted,
305,7,3,4,3,בעל הטורים על התורה,~1300,,בקצה המחנה,הקצינים,exact,machine_extracted,
306,26,18,8,11,בעל הטורים על התורה,~1300,פרשת אחרי מות,וכפר,זה בוידוי דברים,exact,machine_extracted,
307,4,3,1,3,בעל הטורים על התורה,~1300,פרשת תולדות,רבקה,ואש,exact,machine_extracted,
308,3,2,1,3,שער הפסוקים,~1573,פרשת קרח,קרח,שח,exact,machine_extracted,
309,2,1,1,2,טור ברקת,~1650,פירוש שני לצד עילאה,קדרה,שט,exact,machine_extracted,
310,27,27,0,16,בעל הטורים על התורה,~1300,פרשת וירא,ויאמרו אליו,אמרו אליה איו,exact,machine_extracted,
311,16,10,6,11,ספר קרניים,~1400,דרך פרט,נחיר גם,שיא,exact,machine_extracted,
312,18,14,4,14,בעל הטורים על התורה,~1300,,אל רעהו,שהוא,exact,machine_extracted,
313,9,0,9,6,בעל הטורים על התורה,~1300,,חדש,לרגלים,kollel,machine_extracted,
314,45,39,6,23,ספר קרניים,~1400,דרך כלל,רוקח,שדי,exact,machine_extracted,
315,7,6,1,4,פרי עץ חיים שער חג המצות,~1573,,"מי, וגרון","ג אלהים, וכן מנין",exact,machine_extracted,
316,7,6,1,5,כל בו,~1300,סימן קכב,וריק,ישו,exact,machine_extracted,
317,5,2,3,5,מדרש לפירושים,~1450?,דרוש העשירי - מערת המכפלה,הרי המילוי,ה פעמים חסד,kollel,machine_extracted,
318,6,3,3,6,מדרש לפירושים,~1450?,דרוש כד - זיווג המוחין,יושב,שיח,exact,machine_extracted,
319,2,1,1,2,יוסף תהלות,~1780,פסוק יג,חושה,שדי ה,exact,machine_extracted,
320,27,21,6,14,בעל הטורים על התורה,~1300,פרשת וישב,נער,שוטה,exact,machine_extracted,
321,7,6,1,7,ספר חסידים,~1200,,הקריאה,שהיו,exact,machine_extracted,
322,15,14,1,6,ספר קרניים,~1400,דרך כלל,בעל צפן,כלב רע,exact,machine_extracted,
323,1,1,0,1,עץ חיים,~1573,פרק א,כנודע כי החך עם,וזהו רמז אל יהו,exact,machine_extracted,
324,3,3,0,2,ספר קרניים,~1400,פירוש דן ידין,מיטטרון,שכד,exact,machine_extracted,
325,4,3,1,3,פרי עץ חיים שער תיקון חצות,~1573,,שכה,נערה,exact,machine_extracted,
326,3,1,2,3,מגלה עמוקות,~1637,,"היא אלף, ר",הרי אלף,kollel,machine_extracted,
327,1,0,1,1,רפואה למכה,~1780?,ג,זא שהוא ו,עוד אמרו,kollel,machine_extracted,
328,7,5,2,5,בעל הטורים על התורה,~1300,פרשת נשא,יקריבו,הם הבכורים,exact,machine_extracted,
329,2,0,2,2,בעל הטורים על התורה,~1300,,יושבי,היו מריחים,kollel,machine_extracted,
330,15,13,2,13,ספר קרניים,~1400,דרך פרט,ו אץ רגל,של,exact,machine_extracted,
331,9,7,2,7,בעל הטורים על התורה,~1300,,מן ארם,אשל,exact,machine_extracted,
332,5,4,1,3,מגלה עמוקות,~1637,,כן במה. הרי,שזכה,exact,machine_extracted,
333,5,4,1,3,ספר הפליאה,~1390,דה וירא וו יוד ריש אלף,החשך,שגל,exact,machine_extracted,
334,2,1,1,2,עץ חיים,~1573,ובו כב כללים לענין נוקבא:,שלה,ט פעמים עב גי,kollel,machine_extracted,
335,3,1,2,2,"ציצים ופרחים (יעב""ץ)",~1750,מהדורת ויקיטקסט,טהירו עלאה,ו ג פעמים אלהים,kollel,machine_extracted,
336,6,4,2,5,מדרש לפירושים,~1450?,דרוש כג - מוחין דזעיר אנפין,וג פעמים אלהים,שלו,kollel,machine_extracted,
337,3,0,3,2,פרי עץ חיים,~1573,,שכוי,מלאך גבריאל,kollel,machine_extracted,
338,9,9,0,4,בעל הטורים על התורה,~1300,פרשת וישלח,בכף ירכו,לפוסלו מכהונה,exact,machine_extracted,
339,1,1,0,1,בני יששכר מאמרי חודש כסלו טבת,~1830,ה,נר חנוכה,שלט,exact,machine_extracted,
340,25,20,5,21,בעל הטורים על התורה,~1300,,שם,מכפר,exact,machine_extracted,
341,8,4,4,7,בעל הטורים על התורה,~1300,,שם,פרה אדומה,kollel,machine_extracted,
342,4,2,2,4,פרי עץ חיים,~1573,,בשם,שביל,exact,machine_extracted,
343,2,2,0,2,יהל אור,~1800,דף קנג עמוד ב,ערב יונה,שגם,exact,machine_extracted,
344,11,4,7,10,בעל הטורים על התורה,~1300,פרשת שלח לך,וכן היינו בעיניהם,וזהו קן נמלים,exact,machine_extracted,
345,127,109,18,45,ילקוט שמעוני,~1260,,בשגם,משה,exact,machine_extracted,
346,33,21,12,20,ספר קרניים,~1400,דרך פרט,השם,מקור,kollel,machine_extracted,
347,3,2,1,3,מגלה עמוקות,~1637,,שהם ג,וזש ידך,kollel,machine_extracted,
348,6,5,1,6,בני יששכר מאמרי חודש תשרי,~1830,ד,קול דבור,שמח,exact,machine_extracted,
349,4,2,2,3,תיקוני זהר עא ב,,,חמש,אמרו מלאכיא,kollel,machine_extracted,
350,18,18,0,11,בעל הטורים על התורה,~1300,פרשת וירא,עפר,לשוטה,exact,machine_extracted,
351,6,3,3,4,ספר יראים,~1190,מה,חרי האף הגדול,אמרינן,kollel,machine_extracted,
352,3,3,0,3,עץ חיים,~1573,פרק ו,שהוא כך,הוא שם,exact,machine_extracted,
353,3,2,1,3,ספר קרניים,~1400,פירוש דן ידין,נגש,מיכאל וגבריאל,exact,machine_extracted,
354,2,0,2,2,קב הישר,~1705,,בשם אחד,יוצאים אף בזמן הזה,kollel,machine_extracted,
355,27,23,4,18,ספר קרניים,~1400,פירוש דן ידין,ספירה,שנה,exact,machine_extracted,
356,6,2,4,5,שער הפסוקים,~1573,סימן טל,פרעה,עורף,kollel,machine_extracted,
357,1,1,0,1,בני יששכר מאמרי חודש סיון,~1830,ד,באחד לחדש,זהו מלאך אוריאל,exact,machine_extracted,
358,35,31,4,17,בעל הטורים על התורה,~1300,,יבא שילה,משיח,exact,machine_extracted,
359,8,4,4,7,בעל הטורים על התורה,~1300,,במיטב הארץ,גושן,exact,machine_extracted,
360,18,12,6,13,ספר קרניים,~1400,דרך כלל,עליו ה פעמים,שס,kollel,machine_extracted,
361,3,0,3,2,"ציצים ופרחים (יעב""ץ)",~1750,מהדורת ויקיטקסט,שני,דשלטא ביה,kollel,machine_extracted,
362,1,1,0,1,דרושי שער הכוונות,~1573,,והל ציורה דו,עם הכולל. ונקה,exact,machine_extracted,
363,2,0,2,2,רפואה למכה,~1780?,ט,שדי ומד,הנחש,kollel,machine_extracted,
364,15,15,0,11,כל בו,~1300,סימן ע,השטן,שסד,exact,machine_extracted,
365,10,6,4,9,מדרש לפירושים,~1450?,דרוש העשירי - מערת המכפלה,חושבן,כנל בהארי זלהה,kollel,machine_extracted,
366,7,4,3,6,מדרש לפירושים,~1450?,דרוש העשרים ושמונה - התקשרות לאה ורחל,כי כף ירכו,חושבן,exact,machine_extracted,
367,2,0,2,2,בעל הטורים על התורה,~1300,,משכו,מן עברה,kollel,machine_extracted,
368,4,3,1,4,בעל הטורים על התורה,~1300,,ונשיא,וכל שהוא,kollel,machine_extracted,
369,4,2,2,4,מדרש לפירושים,~1450?,דרוש החמישי - ספירת חסד,שלם,פעמים אל במילוי,kollel,machine_extracted,
370,30,27,3,16,מדרש לפירושים,~1450?,דרוש א - ספירת כתר,שלם,שע,exact,machine_extracted,
371,4,2,2,4,שער הפסוקים,~1573,סימן י,יהיה שם,בן הרי קד,kollel,machine_extracted,
372,9,6,3,6,ספר קרניים,~1400,דרך כלל,שבע,בר נפלי,exact,machine_extracted,
373,2,2,0,2,בעל הטורים על התורה,~1300,,שכם אחד,בחלק בכורה,exact,machine_extracted,
374,3,0,3,3,נזיר ז ב,,תוספות,ופריך ולהוי,שעד,kollel,machine_extracted,
375,33,29,4,18,ספר יראים,~1190,,למשה,עשה,exact,machine_extracted,
376,35,25,10,10,בעל הטורים על התורה,~1300,פרשת פנחס,שלום,זהו משיח,exact,machine_extracted,
377,9,7,2,7,בעל הטורים על התורה,~1300,,עד בקר,הוא השני,kollel,machine_extracted,
378,37,33,4,19,עץ חיים,~1573,פרק א,חשמל,מלבוש,exact,machine_extracted,
379,1,0,1,1,כף החיים,,סעיף א,"השנה, והוא",וביהי רצון,kollel,machine_extracted,
380,13,10,3,7,בעל הטורים על התורה,~1300,,משם,משלי,exact,machine_extracted,
381,4,3,1,4,בעל הטורים על התורה,~1300,,מקרב אחיך,משבט יהודה,exact,machine_extracted,
382,3,2,1,3,עולם אחד,~1480?,פרק נב,במספר,שהוא סוד,exact,machine_extracted,
383,2,2,0,2,פרדס רמונים יב א,,,נקרא כבוד,נקרא לב,exact,machine_extracted,
384,6,1,5,4,עץ חיים,~1573,פרק ד,המספר,מדרגה הז לפי,kollel,machine_extracted,
385,40,32,8,18,בעל הטורים על התורה,~1300,,הערפל,שכינה,exact,machine_extracted,
386,15,12,3,10,ספר קרניים,~1400,פירוש דן ידין,ציפור,שפו,exact,machine_extracted,
387,5,3,2,5,פרי עץ חיים שער הנהגת הלימוד,~1573,,באחוריים דאהיה דיודין,"זלהה, כשהיה",kollel,machine_extracted,
388,5,5,0,3,שער הפסוקים,~1573,פרק נב,חשף,צדק צדק,exact,machine_extracted,
389,3,1,2,2,מגלה עמוקות,~1637,,ואז יהיה השם,הטוב. ואז השיב לו,exact,machine_extracted,
390,32,26,6,7,ספר הפליאה,~1390,דה וראה והבן ששלושה הבדלים הם,זכר ונקבה,השכינה,exact,machine_extracted,
391,7,3,4,5,בעל הטורים על התורה,~1300,,וזרעו יהיה מלא,יהושע,kollel,machine_extracted,
392,5,3,2,5,בעל הטורים על התורה,~1300,,והוא הצעיר,הוא הקטין עצמו,kollel,machine_extracted,
393,1,1,0,1,ילקוט שמעוני,~1260,,גדולה שהם,אנך. ויאמר אדני,exact,machine_extracted,
395,10,9,1,9,דרושי שער הכוונות,~1573,,שצה,משנה,exact,machine_extracted,
396,6,1,5,5,בעל הטורים על התורה,~1300,,ישפה,בנימין בן יעקב,kollel,machine_extracted,
397,5,3,2,5,ספר יראים,~1190,רסט,ביד משה לו,השביעי,exact,machine_extracted,
398,6,4,2,6,מגלה עמוקות על איוב,~1637,,עכשוב,שחץ,exact,machine_extracted,
399,3,1,2,3,מגלה עמוקות,~1637,,פטיש,מטה משה,exact,machine_extracted,
400,17,12,5,16,בעל הטורים על התורה,~1300,פרשת משפטים,מרצע,ת,exact,machine_extracted,
401,6,3,3,6,שער הפסוקים,~1573,פרשת וירא,שמונה,את,exact,machine_extracted,
402,2,1,1,2,ספר קרניים,~1400,דרך פרט,המספר הזה,בת,exact,machine_extracted,
403,4,4,0,3,מעשה רוקח על המשנה,~1740,מסכת סוטה,אלו רבן גמליאל,השמאלי בהוד,exact,machine_extracted,
404,3,1,2,3,שער הפסוקים,~1573,סימן פט,גאת,קדש,exact,machine_extracted,
405,1,0,1,1,בעל הטורים על התורה,~1300,,ומקצה אחיו לקח,זה החלשים,kollel,machine_extracted,
406,10,8,2,7,בעל הטורים על התורה,~1300,פרשת בא,האנשים,גדלים עם קטנים,exact,machine_extracted,
407,4,3,1,4,מגלה עמוקות,~1637,,ואת,אות,exact,machine_extracted,
408,6,4,2,6,ספר הפליאה,~1390,דה ויאמר האדם זאת הפעם עצם מעצמי ובשר מבשרי,זאת,חת,exact,machine_extracted,
409,4,3,1,4,בעל הטורים על התורה,~1300,,אחת,הקדש,exact,machine_extracted,
410,42,39,3,24,בעל הטורים על התורה,~1300,,שמע,תי,exact,machine_extracted,
411,11,8,3,8,ספר קרניים,~1400,דרך כלל,אתי,טבת,exact,machine_extracted,
412,9,6,3,7,מגלה עמוקות על איוב,~1637,,שעולה,אותה,kollel,machine_extracted,
413,4,0,4,3,מדרש לפירושים,~1450?,דרוש ב - משפט,א של כסא,כף. וזש,kollel,machine_extracted,
414,9,8,1,8,בעל הטורים על התורה,~1300,פרשת וארא,טתדא,האבות,exact,machine_extracted,
415,6,2,4,4,עולם אחד,~1480?,פרק צה - שמונה מי יודע,תיו,הגם שאינו,kollel,machine_extracted,
416,7,5,2,6,ספר קרניים,~1400,דרך כלל,תטז,קרן בן דוד,exact,machine_extracted,
417,13,8,5,7,ספר קרניים,~1400,דרך כלל,אם שלמה,אדם דוד משיח,kollel,machine_extracted,
418,4,2,2,4,בעל הטורים על התורה,~1300,פרשת פנחס,שלומיאל,זה זמרי בן סלוא,kollel,machine_extracted,
419,1,0,1,1,"גר""א על ספר יצירה",,א,וכן בלב יש,דמעשה,kollel,machine_extracted,
420,5,4,1,4,בעל הטורים על התורה,~1300,,ויתד,והאבות,exact,machine_extracted,
421,1,0,1,1,בן יהוידע,~1900,,שבעים,דיולדה הנז בזוהר פ,kollel,machine_extracted,
422,3,2,1,3,בעל הטורים על התורה,~1300,פרשת נצבים,באף ובחמה ובקצף,שבעים,exact,machine_extracted,
424,15,11,4,10,בעל הטורים על התורה,~1300,,גור אריה,וגם שלמה,kollel,machine_extracted,
425,3,2,1,3,בעל הטורים על התורה,~1300,,וגם שלמה,גור אריה,kollel,machine_extracted,
426,3,2,1,3,בני יששכר מאמרי חודש תמוז אב,~1830,ח,עגל מרגלים,תוך,exact,machine_extracted,
427,7,4,3,6,בעל הטורים על התורה,~1300,,וישקהו,לנושכיהו,exact,machine_extracted,
428,9,6,3,9,ספר קרניים,~1400,פירוש דן ידין,רוח רוח,תכח,exact,machine_extracted,
429,1,1,0,1,פרי עץ חיים שער עולם העשיה,~1573,,משפט,תכט,exact,machine_extracted,
430,26,23,3,10,בעל הטורים על התורה,~1300,,שקל,נפש,exact,machine_extracted,
431,1,1,0,1,רבינו בחיי על שמות,,פסוק א,לנו משה,יהיה לך מפי הגבורה,exact,machine_extracted,
432,3,3,0,3,בעל הטורים על התורה,~1300,פרשת קרח,ויקח קרח,זה במקח רע,exact,machine_extracted,
433,2,0,2,1,"ציצים ופרחים (יעב""ץ)",~1750,מהדורת וויקיטקסט,יסוד. שכך הוא,ו הויות,kollel,machine_extracted,
434,6,5,1,5,ספר קרניים,~1400,דרך פרט,לף יש די,משיח בן דויד,exact,machine_extracted,
436,4,3,1,4,שער הכוונות דרושי ראש השנה דרוש ג,~1573,דרוש ג:,וההין שהם בגי,הכללו שהם,exact,machine_extracted,
437,2,2,0,2,קול התור ב א,,,הכתיב,היינו שאחיו לא,exact,machine_extracted,
438,1,1,0,1,מגלה עמוקות,~1637,,המזבח שסודו,ה שסודו גדלך,exact,machine_extracted,
440,4,4,0,3,ספר קרניים,~1400,דרך פרט,תהלה,תם,exact,machine_extracted,
441,18,7,11,7,שער הכוונות,~1573,יהי כבוד ואשרי יושבי,תהלה,אמת,kollel,machine_extracted,
442,5,3,2,4,ספר קרניים,~1400,פירוש דן ידין,במהרה בימינו בסוד,וכדאיתא,exact,machine_extracted,
443,4,3,1,3,שער הפסוקים,~1573,פרשת נשא,מדת,אבתם,kollel,machine_extracted,
444,8,7,1,7,עץ חיים,~1573,פרק ד - מב,מדת,גם את,exact,machine_extracted,
445,3,2,1,3,רפואה למכה,~1780?,לג,ה בחכמה יסד ארץ,המילוי דשם,exact,machine_extracted,
446,20,16,4,13,בעל הטורים על התורה,~1300,פרשת וישב,דבתם,מות,exact,machine_extracted,
447,5,2,3,3,בעל הטורים על התורה,~1300,,אותם,זה הנפש,exact,machine_extracted,
448,5,2,3,5,בעל הטורים על התורה,~1300,,מדר דר,לימי משיח,exact,machine_extracted,
449,6,3,3,5,שער הפסוקים,~1573,סימן ז,צפר דעה,תמט,exact,machine_extracted,
450,4,3,1,3,ספר קרניים,~1400,פירוש דן ידין,דמות,תן,exact,machine_extracted,
451,6,6,0,4,מדרש לפירושים,~1450?,דרוש היג - בלק ובלעם,ישמעאל,אתן,exact,machine_extracted,
452,1,0,1,1,מגלה עמוקות,~1637,,כלי חרס דייקא,שכן הוא סוד,kollel,machine_extracted,
453,3,1,2,3,בעל הטורים על התורה,~1300,,ושמעו אל,מלך המשיח,exact,machine_extracted,
454,13,7,6,8,מדרש לפירושים,~1450?,דרוש היב - ספירת יסוד,חותם,תנד,exact,machine_extracted,
455,12,8,4,8,בעל הטורים על התורה,~1300,,שין הי מם,הלוחות,exact,machine_extracted,
456,16,8,8,12,ילקוט שמעוני,~1260,,שסה חבלים,ימות,kollel,machine_extracted,
457,5,3,2,5,בעל הטורים על התורה,~1300,,ואכלת,זהו בכזית,exact,machine_extracted,
458,17,17,0,5,ספר קרניים,~1400,דרך פרט,חתן,נבות,exact,machine_extracted,
459,1,1,0,1,"ציצים ופרחים (יעב""ץ)",~1750,מהדורת צוויבל,דלית הי,לפיכך יצלח למלוכה. יהודה,exact,machine_extracted,
460,2,1,1,2,"ציצים ופרחים (יעב""ץ)",~1750,מהדורת צוויבל,יסוד עולם. והרי זה,נמשכים,kollel,machine_extracted,
461,3,1,2,3,בעל הטורים על התורה,~1300,פרשת ויגש,כמוך כפרעה,בך אתחל,exact,machine_extracted,
462,2,2,0,2,מעשה רוקח על המשנה,~1740,מסכת פאה,תסב,יעקב רחל ולאה,exact,machine_extracted,
463,1,0,1,1,שער הפסוקים,~1573,סימן לג,"והנה קפד וקסא, הם",ולהיותו,kollel,machine_extracted,
465,3,2,1,3,ספר קרניים,~1400,דרך כלל,של עב סג,ים להשלים,exact,machine_extracted,
466,2,2,0,2,בעל הטורים על התורה,~1300,,ואת המטה,ספירינון,exact,machine_extracted,
467,1,0,1,1,רפואה למכה,~1780?,ז,דמעה שהם ב,מזה אמרו זל: אמנם,kollel,machine_extracted,
468,6,3,3,6,ספר הפליאה,~1390,דה ואחר שביאר לך המנע השגת החכמה,עשבים הם,ומאה שהאלף,kollel,machine_extracted,
469,2,1,1,2,שער הפסוקים,~1573,סימן לג,משה. ובמלואם,"אלף, והוא שם",kollel,machine_extracted,
470,16,16,0,9,בעל הטורים על התורה,~1300,,עקש,מלך מצרים,exact,machine_extracted,
471,4,4,0,4,ילקוט שמעוני,~1260,,"ימים, ושסה",יום משעה,exact,machine_extracted,
472,12,9,3,4,בעל הטורים על התורה,~1300,,כי פי המדבר אליכם,שסימן זה,exact,machine_extracted,
473,1,0,1,1,פרי עץ חיים שער תיקון חצות,~1573,,תיבין,ההיא איילתא,kollel,machine_extracted,
474,25,25,0,11,ספר קרניים,~1400,דרך כלל,בכל ביתי,דעת,exact,machine_extracted,
475,6,3,3,5,בעל הטורים על התורה,~1300,פרשת משפטים,המת יהיה,הבעלים מטפלין בנבילה,exact,machine_extracted,
476,8,7,1,6,מדרש לפירושים,~1450?,דרוש היג - בלק ובלעם,מלות,ומלת,exact,machine_extracted,
477,2,0,2,2,תוספתא,,הלכה ג,כימות,ר יהודה אומר,kollel,machine_extracted,
478,5,4,1,4,ילקוט שמעוני,~1260,,שניהם בחזון,שניהם בעא,exact,machine_extracted,
479,1,1,0,1,קול התור (ויקיטקסט),,,עפרה יחננו,אליהו בן שלמה,exact,machine_extracted,
480,41,32,9,18,בעל הטורים על התורה,~1300,,עדות,תלמוד,exact,machine_extracted,
481,8,5,3,5,ספר קרניים,~1400,דרך כלל,ארץ כנען,תפא,exact,machine_extracted,
482,1,0,1,1,מי השילוח,,חלק ראשון,בגמ כי דרדר,ב פעמים צדיק. הלא,kollel,machine_extracted,
483,2,1,1,2,ליקוטי הלכות,~1840,אות כו,כי אמת הוא,ועל ידי סוד העבור,exact,machine_extracted,
484,2,1,1,2,"ציצים ופרחים (יעב""ץ)",~1750,מהדורת צוויבל,הארץ דלמטה. נגד הטל,טל. המשמין,kollel,machine_extracted,
485,5,4,1,5,בעל הטורים על התורה,~1300,,נאסף אהרן אחיך,זהו בנשיקה,kollel,machine_extracted,
486,6,3,3,5,ספר קרניים,~1400,דרך כלל,ונעשה הכל,ולילית,exact,machine_extracted,
487,1,1,0,1,מגלה עמוקות,~1637,,הוא קך שנה,הקבה למשה,exact,machine_extracted,
488,4,3,1,4,בעל הטורים על התורה,~1300,,איש לפי אכלו,אכל כזית,exact,machine_extracted,
489,8,7,1,5,ספר קרניים,~1400,דרך כלל,תפט,נחש סמאל,exact,machine_extracted,
490,5,2,3,5,ספר חסידים,~1200,,עתך,דדים כתיב,exact,machine_extracted,
491,7,6,1,6,בעל הטורים על התורה,~1300,,לא תגנוב,גונב נפש,kollel,machine_extracted,
492,4,4,0,3,בעל הטורים על התורה,~1300,,ועליהם ככל. הדברים,זה תלמוד,exact,machine_extracted,
493,4,3,1,4,בעל הטורים על התורה,~1300,,ידעתי,חמשה מלכים,kollel,machine_extracted,
495,2,1,1,2,"ציצים ופרחים (יעב""ץ)",~1750,מהדורת צוויבל,המתים,המכשפים,exact,machine_extracted,
496,37,35,2,9,מדרש לפירושים,~1450?,דרוש הטו - ספירת מלכות,מלכות,תצו,exact,machine_extracted,
497,5,5,0,2,בעל הטורים על התורה,~1300,,ויתן אל,זה התלמוד,exact,machine_extracted,
498,1,1,0,1,אם הבנים שמחה,,יח,בסי השוה עם,ואעפי שלא,exact,machine_extracted,
499,5,5,0,4,פרי עץ חיים,~1573,,טעם מספר,בפשוט ומילוי,exact,machine_extracted,
500,17,16,1,8,ספר קרניים,~1400,פירוש דן ידין,שר,תק,exact,machine_extracted,
501,13,13,0,10,בעל הטורים על התורה,~1300,,תמונה,פרצוף אדם,exact,machine_extracted,
502,9,8,1,8,בעל הטורים על התורה,~1300,פרשת תולדות,שני גוים בבטנך,זה רבי יהודה ואנטונינוס,exact,machine_extracted,
504,5,3,2,3,עץ חיים,~1573,דרוש א,לכן נקרא ואלהי,היות גפ,kollel,machine_extracted,
505,5,3,2,4,פרי עץ חיים שער יום הכפורים,~1573,,"סג מה בן, שהם",עמהן שם,exact,machine_extracted,
506,24,17,7,17,בעל הטורים על התורה,~1300,פרשת וישלח,שור,קרן יוסף,exact,machine_extracted,
507,1,1,0,1,"רש""י על בראשית",,,וראש,אברים ואברככה,exact,machine_extracted,
508,2,1,1,2,"פרי עץ חיים שער ר""ח חנוכה ופורים",~1573,סוד שמונת ימי חנוכה,"ואו דמה, נעשה אהיה",לזעיר אנפין,exact,machine_extracted,
509,4,3,1,4,ספר הפליאה,~1390,דה ודע והבן כי כשתחבר נפש חיה מימיות,רכה ורבוע,והנה בתולה,exact,machine_extracted,
510,9,7,2,8,ספר קרניים,~1400,דרך כלל,ריש,מלכות דוד,exact,machine_extracted,
511,5,2,3,4,עשרה מאמרות,~1597,פרק כא,"מרובע, והכל יחד עם",מלא בא תוך ההא,exact,machine_extracted,
512,4,3,1,4,פרי עץ חיים שער העמידה,~1573,,"טוב, הרי מבואר, איך",והשאר,exact,machine_extracted,
513,7,3,4,7,שער הכוונות,~1573,דרוש ג,מהם בהיותה,וכנגד ג הויות,exact,machine_extracted,
514,2,1,1,2,כל בו,~1300,סימן לח,וזו היא ליטרא פלפלי,ימות החמה,kollel,machine_extracted,
515,31,30,1,15,בעל הטורים על התורה,~1300,,ואתחנן,שירה,exact,machine_extracted,
516,2,1,1,2,בעל הטורים על התורה,~1300,,ואשב בהר,לתלמודו,exact,machine_extracted,
517,3,1,2,3,בעל הטורים על התורה,~1300,פרשת בשלח,את העם,גם ערב רב,kollel,machine_extracted,
518,12,11,1,5,מעשה רוקח על המשנה,~1740,מסכת ראש השנה,עולים שסב,העולים שנז,exact,machine_extracted,
519,6,5,1,4,שם הגדולים (קרענגיל),~1774,מערכת ס,ויגרש,תנא דבי אליהו,exact,machine_extracted,
520,6,6,0,3,מעשה רוקח על המשנה,~1740,מסכת יבמות,פתיל,מלכות דויד,exact,machine_extracted,
521,2,0,2,2,שער הפסוקים,~1573,פסוק א,שם יעקב,והם בחינת,kollel,machine_extracted,
523,1,0,1,1,פרי עץ חיים שער הקריאת שמע,~1573,,שהם גי קסו,בוק שלה: ועד,kollel,machine_extracted,
524,6,5,1,4,עולם אחד,~1480?,פרק צג - ששה מי יודע,תלמוד בבלי,תקכד,exact,machine_extracted,
525,3,1,2,3,עץ חיים,~1573,פרק ב,עצמו טוב בלא רע,והוא הבשר,kollel,machine_extracted,
526,1,1,0,1,רפואה למכה,~1780?,יז,אלקים שהם,גרון עם הכולל. והנה,exact,machine_extracted,
527,2,0,2,2,ובחרת בחיים,,סדר תולדות,במספר עולם,ויצחק ורבקה,kollel,machine_extracted,
528,1,1,0,1,"ציצים ופרחים (יעב""ץ)",~1750,מהדורת צוויבל,מספרו קמב,שהוא עקום,exact,machine_extracted,
529,1,0,1,1,שער הכוונות,~1573,דרושי הלילה - דרוש ה,וכבר ביארנו כי ג,גם תכוין,kollel,machine_extracted,
530,6,6,0,4,מדרש לפירושים,~1450?,דרוש אחד ועשרים - שבירות כלים ותיקונם,והזכירו ג פעמים ואטיבה,שבו היה ביטול המלכים,exact,machine_extracted,
531,4,2,2,4,"שיטה מקובצת על הש""ס",~1550,דף קיז עמוד ב,הארץ לחלוק אין,מצרים ונוטל כל,exact,machine_extracted,
532,2,2,0,2,בלבבי משכן אבנה (שוורץ),~2000,פרק יז - פורים - ראש לכל המועדים,לברוך מרדכי,"בספרים, ומצד",exact,machine_extracted,
534,5,1,4,5,עץ חיים,~1573,פרק ז,כא פ כא שעולה,אמת כי זון,kollel,machine_extracted,
535,1,0,1,1,"ציצים ופרחים (יעב""ץ)",~1750,מהדורת וויקיטקסט,צדי בית יוד,וכן רזי ב פעמים,kollel,machine_extracted,
536,10,9,1,4,ספר קרניים,~1400,דרך כלל,י ון ית ין,תוקל,exact,machine_extracted,
537,3,1,2,3,בעל הטורים על התורה,~1300,,לו וינשק לו,לגזול מה שעליו,kollel,machine_extracted,
538,2,1,1,2,"שיטה מקובצת על הש""ס",~1550,דף ח עמוד ב,על גב דאית ביה,ור יהודה סבר דהיכא,kollel,machine_extracted,
539,1,0,1,1,מעשה רוקח על המשנה,~1740,מסכת מדות,טרי מן הצפון,נגד רקיע וילון,kollel,machine_extracted,
540,1,1,0,1,בעל הטורים על התורה,~1300,פרשת תולדות,לדרוש,מן שם בן נח,exact,machine_extracted,
541,31,21,10,18,בעל הטורים על התורה,~1300,,ישראל,המצות,exact,machine_extracted,
542,10,6,4,7,ילקוט שמעוני,~1260,,תחו. בא יוחנן,אסף את,kollel,machine_extracted,
543,1,0,1,1,"שער מאמרי רשב""י",~1573,דף רצה:,נמשכין אל החיך,קסא שהוא סוד,kollel,machine_extracted,
544,1,1,0,1,בעל הטורים על התורה,~1300,,ואתה בן פ,שנים. עמדי יוד,exact,machine_extracted,
545,3,1,2,3,ספר קרניים,~1400,דרך פרט,רחל. והנה ב פעמים,הם חלונות,kollel,machine_extracted,
546,9,6,3,6,בעל הטורים על התורה,~1300,פרשת וישלח,לי שור,שנולד יוסף,exact,machine_extracted,
547,4,3,1,4,שער הפסוקים,~1573,פרק א,"ואדנות, ועה",אא עיין שהק,kollel,machine_extracted,
548,5,1,4,5,כל בו,~1300,סימן סט,שאמרו,אינו צריך מאכילין,kollel,machine_extracted,
550,2,1,1,2,דרושי שער הכוונות,~1573,,אחת כלולה מי,ד ההויות הם המוחי,exact,machine_extracted,
551,6,4,2,6,מדרש לפירושים,~1450?,דרוש השנים עשר - אדם,תקנא,אמת אדם אדני,exact,machine_extracted,
552,7,7,0,5,מדרש לפירושים,~1450?,דרוש השנים עשר - אדם,יעקב שלם,יש לי רב,exact,machine_extracted,
553,9,4,5,6,מדרש לפירושים,~1450?,דרוש השלישי - ספירת בינה,יעקב שלם,בית יוד נון הי,kollel,machine_extracted,
554,2,1,1,2,שם הגדולים (קרענגיל),~1774,קונטרס אחרון,מדרשי,יעקב בעל הטורים,exact,machine_extracted,
555,4,4,0,4,בעל הטורים על התורה,~1300,,תסב נחלה,זו היא בהסבת הבן,exact,machine_extracted,
556,1,1,0,1,לשון חכמים,~1900,תיקון היסוד,די במלוי יוד דלת,אהיה שיאירו בו,exact,machine_extracted,
557,3,1,2,3,פרי עץ חיים שער הקדישים,~1573,,"יוד אחת. והכוונה, כי",גורם שזא,exact,machine_extracted,
558,4,4,0,1,מעשה רוקח על המשנה,~1740,מסכת פאה,לקט שכחה פאה,תקנח,exact,machine_extracted,
559,3,0,3,3,"ציצים ופרחים (יעב""ץ)",~1750,מהדורת צוויבל,הא דלת סמך,הדלית עם,kollel,machine_extracted,
560,5,4,1,4,בעל הטורים על התורה,~1300,,ישרים,אבות העולם,exact,machine_extracted,
562,3,2,1,3,מדרש לפירושים,~1450?,דרוש העשירי - ספירת הוד,ממית בסוד,מות ודוק,exact,machine_extracted,
564,1,1,0,1,שער הפסוקים,~1573,פסוק א,כדרלעמר,שם דרך,exact,machine_extracted,
565,3,0,3,3,עץ חיים,~1573,ובו כב כללים לענין נוקבא:,נקודות,והם מדעת,kollel,machine_extracted,
566,14,13,1,8,ספר קרניים,~1400,דרך פרט,תינוק,משיח בן יוסף,exact,machine_extracted,
567,5,2,3,4,עץ חיים,~1573,פרק ו,עולה כל אות,ה ראשונה,kollel,machine_extracted,
568,2,1,1,2,ספר קרניים,~1400,פירוש דן ידין,כלומר י פעמים אהיה,וזש המחבר,kollel,machine_extracted,
569,4,0,4,4,ספר קרניים,~1400,דרך כלל,זה לעומת זה,ונעשה ממנו ב,kollel,machine_extracted,
570,12,10,2,7,ספר הפליאה,~1390,דה ויגרש את האדם וישכן מקדם לגע,קניתי,תקע,exact,machine_extracted,
571,4,3,1,3,בעל הטורים על התורה,~1300,,כי מראש,על הר המוריה,exact,machine_extracted,
572,1,0,1,1,מדרש לפירושים,~1450?,דרוש העשירי - ספירת הוד,נחזור לדברינו,ויונקת,kollel,machine_extracted,
574,2,1,1,2,מדרש לפירושים,~1450?,דרוש היא - כללות נצח והוד,"בחיים, בסוד אחיזתו",ימותו ולא בחכמה,exact,machine_extracted,
575,6,4,2,6,פרי עץ חיים שער חג המצות,~1573,,תקעה,שערה,exact,machine_extracted,
576,5,4,1,3,מדרש לפירושים,~1450?,דרוש השמיני - כללות חגת,ותקע,מלקות,exact,machine_extracted,
577,1,1,0,1,"שער מאמרי רשב""י",~1573,אינון עמר נקי תליין בשקולא,ראשון היה,הי ראשונה,exact,machine_extracted,
578,3,1,2,3,יוסף תהלות,~1780,פסוק ה,ה חלצה נפשי,כה שרומז,exact,machine_extracted,
579,1,1,0,1,תפארת ישראל על קינים,~1590,משנה ג,מנין החטאות,"העולות, בין",exact,machine_extracted,
580,13,12,1,9,ספר קרניים,~1400,פירוש דן ידין,מנבל נבות,פת בג המלך,exact,machine_extracted,
581,5,2,3,4,עץ חיים,~1573,פרק ב,מלויין שכל א מהם,חוה ראשונה,kollel,machine_extracted,
583,1,0,1,1,"בא""ח שנה שנייה פרשת כי תבוא",,פתיחה,אלפין שעולה,אדם ולכן כתיב,kollel,machine_extracted,
585,4,4,0,3,יוסף תהלות,~1780,פסוק ו,שפרה,תקפה,exact,machine_extracted,
586,7,5,2,5,בעל הטורים על התורה,~1300,פרשת משפטים,פדיון נפשו,הדמים של מזיק,exact,machine_extracted,
587,6,6,0,4,"ציצים ופרחים (יעב""ץ)",~1750,מהדורת וויקיטקסט,יוד סמך ואו דלת,אלהי ישראל,exact,machine_extracted,
588,3,3,0,3,מדרש לפירושים,~1450?,דרוש ב - ספירת חכמה,שהוא נוקבא. גם ויחן,עם הכולל כנזל. עיר,exact,machine_extracted,
589,1,0,1,1,תוכחת חיים פרשת נשא,,סדר נשא,לידי עניות,"בלי ו, במספר קטן",kollel,machine_extracted,
590,1,1,0,1,מגלה עמוקות,~1637,,עשירי,בסוד זעיר אריך,exact,machine_extracted,
591,4,3,1,4,ילקוט שמעוני,~1260,,שנאמר,אמר רב נחמן,exact,machine_extracted,
593,2,1,1,2,מגלה עמוקות,~1637,,ב פעמים קרן,השר. וזה סוד,kollel,machine_extracted,
595,2,2,0,2,כף החיים (פאלאג'י),~1859,סימן לו,קידוש על היין,מיכאל גבריאל אוריאל,exact,machine_extracted,
596,4,3,1,4,מדרש לפירושים,~1450?,דרוש הטז - ספירת יסוד ומלכות,תם ציון,ירושלים,exact,machine_extracted,
597,1,0,1,1,מגלה צפונות,~1700,והנחש היה ערום וכו,מלאך המות כלו,עבירה יש,kollel,machine_extracted,
598,4,4,0,2,בעל הטורים על התורה,~1300,,דבית יעקב,ערלה בחול רמז,exact,machine_extracted,
599,2,0,2,2,מגלה עמוקות על איוב,~1637,,שהוא ריבוע,דם. ומש אחר,kollel,machine_extracted,
600,19,18,1,12,בעל הטורים על התורה,~1300,,מהררי קדם,מאבות העולם,kollel,machine_extracted,
601,4,1,3,4,בעל הטורים על התורה,~1300,,השורץ,כשעורה,exact,machine_extracted,
603,2,2,0,1,"תפארת ישראל (מהר""ל)",~1590,,בני ישראל,תרג,exact,machine_extracted,
604,1,1,0,1,בני יששכר מאמרי חודש מרחשון,~1830,ו,מרחשון,ארח נשמה,exact,machine_extracted,
605,7,5,2,4,עולם אחד,~1480?,פרק עח,תרו,אש מים רוח,kollel,machine_extracted,
606,5,3,2,4,מדרש לפירושים,~1450?,דרוש היג - ספירת תפארת ויסוד,שיפורי,תרו,exact,machine_extracted,
607,2,1,1,2,"ציצים ופרחים (יעב""ץ)",~1750,מהדורת וויקיטקסט,עם שאינו נמלט,גבורה שבחסד. וההא,kollel,machine_extracted,
608,2,2,0,2,פרי עץ חיים שער קריאת ספר תורה,~1573,,בעל אשרה,תרח,exact,machine_extracted,
609,3,0,3,3,שער הכוונות,~1573,אדני שפתי תפתח ופי יגיד תהלתך,מיתוקם הוא,אחרת,kollel,machine_extracted,
610,12,8,4,9,מנורת המאור (אבוהב),~1400,פרק ששי,שיש,איברים שבאדם,exact,machine_extracted,
611,50,48,2,28,בעל הטורים על התורה,~1300,,חכמי לב אשר,יראת,exact,machine_extracted,
612,14,5,9,9,בעל הטורים על התורה,~1300,פרשת וירא,אשר יצוה,ברית,exact,machine_extracted,
613,33,26,7,19,בעל הטורים על התורה,~1300,פרשת בראשית,את האור,בתורה,exact,machine_extracted,
614,7,4,3,5,מדרש לפירושים,~1450?,דרוש הרביעי - כללות כחב,תריד,חכמה בינה דעת,exact,machine_extracted,
615,6,2,4,6,בעל הטורים על התורה,~1300,פרשת יתרו,יתרו,כומר היה לעבודה זרה,kollel,machine_extracted,
616,11,5,6,7,בעל הטורים על התורה,~1300,,ונצלתם,כמצולה שאין בה דגים,exact,machine_extracted,
617,6,5,1,5,בעל הטורים על התורה,~1300,,עם הבשר,בבשר מן החי,exact,machine_extracted,
618,1,0,1,1,שער הפסוקים,~1573,סימן ל,"אהיה דאלפין וההין, שהם",מהם נעשים הדדים,kollel,machine_extracted,
619,1,0,1,1,"רמב""ם הלכות קידוש החודש יא",,הלכה ה,מפני שידענו,בראיות,kollel,machine_extracted,
620,75,67,8,27,בעל הטורים על התורה,~1300,פרשת כי תשא,עשרים,עשיר ודל,exact,machine_extracted,
621,2,1,1,2,שער הפסוקים,~1573,סימן קמז,ה גבורות,שערה. וככ,kollel,machine_extracted,
622,4,3,1,4,ספר קרניים,~1400,פירוש דן ידין,שיא שיא,תרכב,exact,machine_extracted,
623,4,1,3,4,שער הפסוקים,~1573,פרשת וירא,והוא עי חמשה אלפין,ובהתחבר,kollel,machine_extracted,
625,4,2,2,3,מדרש לפירושים,~1450?,דרוש א - ספירת כתר,שאלף מלא כזה: אלף,הכתר,exact,machine_extracted,
626,1,0,1,1,פרי עץ חיים שער חג המצות,~1573,,"בסוד רדו, שהם",ויניקתן,kollel,machine_extracted,
628,4,1,3,3,עץ חיים,~1573,פרק ה,סוד אלקים ברבוע במילוי,ג מוחין של אלקים,kollel,machine_extracted,
629,1,0,1,1,"מגן אבות (רשב""ץ)",,משנה יד,ולא תועיל להם,ועל זה נקרא צלם,kollel,machine_extracted,
630,2,0,2,2,מעשה רוקח על המשנה,~1740,מסכת תענית,עולים תעה,שלש,kollel,machine_extracted,
631,3,1,2,3,עשרה מאמרות,~1597,פרק יח,"ע, והנשאר","נשר, והע",kollel,machine_extracted,
632,1,0,1,1,פרי עץ חיים שער קריאת שמע שעל המיטה,~1573,,המפורש,"וחרב, ובזאת",kollel,machine_extracted,
633,3,2,1,3,ספר קרניים,~1400,פירוש קרן הצבי,אתוון יונה במילוי,ענפא דחסד הנקרא,kollel,machine_extracted,
634,3,2,1,3,בעל הטורים על התורה,~1300,,ויעלו עולות,בכורות,exact,machine_extracted,
635,2,1,1,2,ראש השנה ו ב,,תוספות,הדין דהוה מצי לשנויי,בקונט והה בכל שנים,exact,machine_extracted,
636,2,2,0,2,שער הגלגולים,~1573,,"למנין אלף, שהם",כתף. האמנם,exact,machine_extracted,
637,1,1,0,1,שער הפסוקים,~1573,סימן ג,צירופים כנודע והם,לראות,exact,machine_extracted,
638,8,6,2,6,בעל הטורים על התורה,~1300,פרשת תרומה,שני כרובים,אברהם יצחק יעקב,exact,machine_extracted,
639,7,3,4,6,ילקוט שמעוני,~1260,,פתקין,הבכורות,kollel,machine_extracted,
640,16,12,4,8,ספר קרניים,~1400,דרך פרט,תרם,שמש,exact,machine_extracted,
641,5,4,1,2,מגלה עמוקות,~1637,,אמרת,כח תריג,exact,machine_extracted,
642,15,10,5,5,ספר קרניים,~1400,דרך פרט,תמרב,מרכבה שלמה,exact,machine_extracted,
643,6,6,0,2,קול התור ב א,,,שבי אל עריך,עדות ביהוסף,exact,machine_extracted,
644,6,4,2,5,בעל הטורים על התורה,~1300,,פר איל כבש,אברהם יצחק ויעקב,kollel,machine_extracted,
645,1,0,1,1,"ציצים ופרחים (יעב""ץ)",~1750,מהדורת וויקיטקסט,מם שין כף נון,תרמה,kollel,machine_extracted,
646,2,2,0,2,עשרה מאמרות,~1597,פרק יח,כי הנה הנשאר,"תקן, וידוע",exact,machine_extracted,
647,1,0,1,1,עץ חיים,~1573,הודעה ואזהרה (מרב מקובל אחד):,מספר האיברים,כללי העולמות,kollel,machine_extracted,
649,10,9,1,5,ספר קרניים,~1400,פירוש דן ידין,יצחק הרי הם קפ,של יצחק עולה,kollel,machine_extracted,
650,7,4,3,6,ספר קרניים,~1400,פירוש קרן הצבי,שלישי,ששים,exact,machine_extracted,
651,4,2,2,4,פרי עץ חיים,~1573,,סוד תפילין,ישראל עם,kollel,machine_extracted,
652,3,1,2,3,ספר קרניים,~1400,דרך פרט,וידוע סוד שלום עם,ניצוצות,exact,machine_extracted,
653,1,1,0,1,יהל אור,~1800,,סתומה. וכן וילך,עם ז מצות,exact,machine_extracted,
655,2,1,1,2,רפואה למכה,~1780?,יא,והם ששה,אבל כאשר אינם,kollel,machine_extracted,
656,3,2,1,2,"ציצים ופרחים (יעב""ץ)",~1750,מהדורת ויקיטקסט,דעת יעקב,ששון,exact,machine_extracted,
657,3,2,1,2,עץ חיים,~1573,דרוש ב - מק - דרוש חסדים וגבורות,תרנז,זס שרץ,exact,machine_extracted,
658,1,0,1,1,אגרת רבי שמשון מאוסטרופולי,,,שבהם יש,אלפים ומאתים,kollel,machine_extracted,
660,4,4,0,3,מעשה רוקח על המשנה,~1740,מסכת יומא,וטהרתם,מכתר,exact,machine_extracted,
661,10,8,2,4,שער הכוונות דרוש פורים דרוש א,~1573,,אסתר,תרסא,exact,machine_extracted,
662,3,2,1,3,שער הכוונות,~1573,כונות אחרות,והכללות עולה הכל,סוד מה שאמרו,kollel,machine_extracted,
664,2,1,1,2,מעשה רוקח על המשנה,~1740,מסכת נזיר,נזיר היה שמואל,זה נזיר שכינה,exact,machine_extracted,
666,3,2,1,3,לשון חכמים,~1900,סדר אב ורמזיהן,תרסו,רודף שלום,exact,machine_extracted,
667,2,0,2,2,שער הכוונות,~1573,שער הכוונות - דרושי ציצית דרוש ג,שאינה רק,נמצא כי להיותה,kollel,machine_extracted,
668,3,1,2,3,בעל הטורים על התורה,~1300,פרשת צו,מורבכת,רתחין,exact,machine_extracted,
669,1,0,1,1,שם הגדולים (קרענגיל),~1774,הגה מנחם ציון,וכצל תלמוד בבלי,סדרי משנה,kollel,machine_extracted,
670,6,4,2,6,מדרש לפירושים,~1450?,דרוש העשרים וששה - ספירת דעת,תקע כף,תרע,exact,machine_extracted,
671,7,3,4,7,פרי עץ חיים שער הקריאת שמע,~1573,,של שם,וזה נתבאר,kollel,machine_extracted,
673,1,1,0,1,"רבינו אשר על הש""ס",,דף ז עמוד א,נזירות,עד אותו מקום,exact,machine_extracted,
674,3,2,1,3,בעל הטורים על התורה,~1300,פרשת וישב,וישאלהו האיש,מלאך גבריאל שאלו,exact,machine_extracted,
676,5,4,1,4,בעל הטורים על התורה,~1300,פרשת ויקהל,מכאן ללט מלאכות,שנים וה דהדברים,kollel,machine_extracted,
677,1,0,1,1,אוהב ישראל,~1815,פרשת ויצא,של חם קר,חמץ וזהו אור לארבעה,kollel,machine_extracted,
678,9,2,7,5,בעל הטורים על התורה,~1300,,כי באפם הרגו איש,זה שכם בן חמור,exact,machine_extracted,
679,2,0,2,2,מגלה עמוקות,~1637,,ערבות,עם הכולל. ובמלת,kollel,machine_extracted,
680,4,2,2,4,דרושי שער הכוונות,~1573,,בדעת דנוק הם,דף פו ריש,kollel,machine_extracted,
681,4,0,4,3,"ציצים ופרחים (יעב""ץ)",~1750,מהדורת צוויבל,עבדו רת,כששונה,kollel,machine_extracted,
682,3,3,0,3,בעל הטורים על התורה,~1300,פרשת וישלח,ברכתני,הודה לברכתי,exact,machine_extracted,
683,2,0,2,1,"ציצים ופרחים (יעב""ץ)",~1750,מהדורת וויקיטקסט,מעשה מרכבה,יעקב יוסף משה,kollel,machine_extracted,
685,3,1,2,3,ספר קרניים,~1400,דרך פרט,תקלו פו סג,תרפה,exact,machine_extracted,
686,6,3,3,4,בעל הטורים על התורה,~1300,,ויתנכר,על ידי האיש גבריאל,exact,machine_extracted,
687,6,3,3,5,ספר קרניים,~1400,דרך כלל,פורת,תרפז,kollel,machine_extracted,
689,1,0,1,1,רפואה למכה,~1780?,ו,כלול מב פעמים שכ,בסוד גבורות,kollel,machine_extracted,
690,3,1,2,3,עץ חיים,~1573,פרק א,בשם יהו האחרון דבן,"בג אחרונות, ואז",kollel,machine_extracted,
691,1,0,1,1,פירוש קדמון על ספר חסידים,~1200,,וכל העובר על החרם,רל אם אדם עשה,kollel,machine_extracted,
692,1,1,0,1,עשרה מאמרות מאמר חקור דין ב כט,,,לבלתי ידח ממנו נדח,ומנפש חברו,exact,machine_extracted,
694,2,2,0,2,מגלה עמוקות,~1637,,שני שדיך,"מס, מטטרון סנדלפון",exact,machine_extracted,
695,1,0,1,1,"ציצים ופרחים (יעב""ץ)",~1750,מהדורת צוויבל,התרנגול,חבור ג בחינות,kollel,machine_extracted,
696,9,9,0,4,מגלה עמוקות,~1637,,בית למד עין מם,תרצו,exact,machine_extracted,
698,2,0,2,2,פירוש קדמון על ספר חסידים,~1200,,המקרא ויו דמסור הוי,יהושע קראו,kollel,machine_extracted,
699,1,1,0,1,מגלה עמוקות,~1637,,תרצט,בארצות,exact,machine_extracted,
700,11,10,1,5,ספר חסידים,~1200,,עיר וקדיש,פסקנית,exact,machine_extracted,
701,5,4,1,5,בעל הטורים על התורה,~1300,פרשת וירא,והנה שלשה,אלו מיכאל גבריאל ורפאל,exact,machine_extracted,
702,23,22,1,9,ספר קרניים,~1400,פירוש קרן הצבי,דאתרמיז להו,שבת,kollel,machine_extracted,
703,1,0,1,1,שער הפסוקים,~1573,סימן לב,"דעב דיודין, אשר גם",עב כנודע. ועתה,kollel,machine_extracted,
704,2,2,0,2,בעל הטורים על התורה,~1300,פרשת תצוה,נר תמיד,בשבת,exact,machine_extracted,
705,3,2,1,2,ספר קרניים,~1400,דרך פרט,תקרה,שתה,exact,machine_extracted,
706,4,3,1,4,בעל הטורים על התורה,~1300,,אשתו,היא עירית,kollel,machine_extracted,
707,2,1,1,2,כל בו,~1300,סימן קכב,אשתו,אש וקש,exact,machine_extracted,
708,2,1,1,2,אוהב ישראל,~1815,פרשת וירא,"במילואו, ואות ר","בריבוע, ואות ה",exact,machine_extracted,
709,2,1,1,2,בעל הטורים על התורה,~1300,,תחש,שש גונים,kollel,machine_extracted,
710,2,1,1,2,"ציצים ופרחים (יעב""ץ)",~1750,הערות צוויבל,קטרת,תשי,kollel,machine_extracted,
711,8,7,1,5,עץ חיים,~1573,פרק ח,הכפורת,תשיא,exact,machine_extracted,
712,1,1,0,1,מעשה רוקח על המשנה,~1740,מסכת עבודה זרה,תשיב,זה מטמא כשרץ,exact,machine_extracted,
713,4,3,1,2,ליקוטי שושנים (שמשון מאוסטרופולי),~1640,יג,תשיג,תשובה,exact,machine_extracted,
714,1,0,1,1,מעשה רוקח על המשנה,~1740,מסכת מעשרות,גנת ורדים,גן שושנה,kollel,machine_extracted,
715,3,2,1,3,בני יששכר מאמרי חודש אלול,~1830,א,וצדק תהי לנ כ,בתשובה,exact,machine_extracted,
716,4,3,1,4,ליקוטי שושנים (שמשון מאוסטרופולי),~1640,ח*,כל עצמותי המה,תשיו,exact,machine_extracted,
718,4,2,2,4,בעל הטורים על התורה,~1300,,ולא נפקד ממנו איש,לעבירות,exact,machine_extracted,
720,4,3,1,4,ספר קרניים,~1400,פירוש דן ידין,אשתחוה,תשך,exact,machine_extracted,
723,5,1,4,4,מגלה עמוקות,~1637,,את הארץ הטובה,יעקב ישראל,kollel,machine_extracted,
724,2,2,0,1,ספר קרניים,~1400,פירוש דן ידין,בית חדש,תשכד,exact,machine_extracted,
725,1,1,0,1,מעשה רוקח על המשנה,~1740,מסכת נזיר,דשמש היינו,ב כוללים. ואפשר,exact,machine_extracted,
726,23,22,1,8,תפארת ישראל על קינים,~1590,משנה ה,רק ב חטאות,פרידות החובה,exact,machine_extracted,
727,1,1,0,1,"רבינו חננאל על הש""ס",,דף י עמוד ב,שנאמר אמלטה נא,ישיבתה,exact,machine_extracted,
728,1,0,1,1,"ציצים ופרחים (יעב""ץ)",~1750,מהדורת צוויבל,קרע שטן,תשכח,kollel,machine_extracted,
729,5,1,4,3,עץ חיים,~1573,פרק ג,אלו הע האורות,תחלה ויורדין,kollel,machine_extracted,
730,1,1,0,1,"ציצים ופרחים (יעב""ץ)",~1750,מהדורת צוויבל,"תרא, ועם יג","תורה, ועם ג",exact,machine_extracted,
731,4,2,2,4,בעל הטורים על התורה,~1300,,אפרים ומנשה,ראובן ושמעון,kollel,machine_extracted,
732,4,2,2,2,בעל הטורים על התורה,~1300,,בן פרת,מנשה ואפרים,exact,machine_extracted,
733,4,3,1,3,מגלה עמוקות,~1637,,עם תרכד,אלו קשה ורפה,kollel,machine_extracted,
734,1,1,0,1,פרי עץ חיים שער הנהגת הלימוד,~1573,,תשלד,כבוד שבת,exact,machine_extracted,
735,1,1,0,1,בני יששכר מאמרי חודש ניסן,~1830,ט,פסח מצה ומרור,תשלה,exact,machine_extracted,
736,8,7,1,6,שער הפסוקים,~1573,פסוק א,מם בבחינת הפנים,והאחוריים הפשוטים,kollel,machine_extracted,
737,1,1,0,1,עשרה מאמרות מאמר העיתים ח,,,שהוא במספר גדול,שמם נקראו,exact,machine_extracted,
738,2,0,2,1,שער הפסוקים,~1573,סימן ג,שלהבת,תשלח,kollel,machine_extracted,
740,1,1,0,1,בעל הטורים על התורה,~1300,,ביום השני הקריב,נתן להם עצה,exact,machine_extracted,
742,2,2,0,1,ליקוטי הלכות,~1840,אות ב,בשתי ידיו,אלקים בחינת מלאך,exact,machine_extracted,
743,1,0,1,1,שער הפסוקים,~1573,ספר משלי,"דיודין דעב, אשר מלואו",ונתחברו יט ומו,kollel,machine_extracted,
745,2,1,1,2,"לקוטי מוהר""ן טו",,,שמות,כידוע בנאמני זה בחינת,kollel,machine_extracted,
746,2,1,1,2,מועד לכל חי פתיחת הספר,,,משתה,במאכל בכסות נקיה,kollel,machine_extracted,
747,1,0,1,1,חיים תחילה,,אופן א,כמו שיעש,לומר דרך רמז,kollel,machine_extracted,
748,1,1,0,1,בני יששכר מאמרי חודש תמוז אב,~1830,ט,יוד עין קוף בית,תשמח,exact,machine_extracted,
749,3,2,1,3,חסד לאברהם,~1650,נהר א - מענין שבעה דינים העוברים על האדם:,החרב הזה ופיותיה,וישחיזנה ויעבירנה,exact,machine_extracted,
750,2,1,1,2,שער הכוונות,~1573,שער הכוונות - דרושי ציצית דרוש ד,השמות,ד שמות,kollel,machine_extracted,
751,2,1,1,2,מדרש לפירושים,~1450?,דרוש היב - ספירת יסוד,כנודע. וזה לדעתי סוד,הוי. וישתחו,kollel,machine_extracted,
752,2,1,1,2,בעל הטורים על התורה,~1300,,לשבתך,ירושלים ציון,exact,machine_extracted,
753,2,2,0,2,"שער מאמרי רז""ל",~1573,פרק ו,ז שמות,אמת שהוא,exact,machine_extracted,
754,2,1,1,1,מעשה רוקח על המשנה,~1740,הקדמה לספר מעשה רוקח,העמדתי בדרך,אני אומר האמת,kollel,machine_extracted,
755,1,0,1,1,"פרי עץ חיים שער ר""ח חנוכה ופורים",~1573,סוד שמונת ימי חנוכה,"לחבר אהיה דיודין, ושניהם",שתכלה,kollel,machine_extracted,
756,2,2,0,2,פרי עץ חיים שער הקריאת שמע,~1573,,ומשמיעים ביראה יחד,שנות,exact,machine_extracted,
757,3,1,2,3,שם הגדולים (קרענגיל),~1774,קונטרס אחרון,פשוט שאין,יבא בנקל בעת מן,kollel,machine_extracted,
758,2,0,2,2,מעשה רוקח על המשנה,~1740,מסכת בבא קמא,ובזה תמצא דבר,מאות איש,kollel,machine_extracted,
759,1,0,1,1,יקרא דשבתא,,סימן נה - אבא שאול אומר,צעקתינו וכו,כמבואר בכוונות,kollel,machine_extracted,
760,10,9,1,5,ספר קרניים,~1400,דרך כלל,צרעת,שור חמור,exact,machine_extracted,
761,1,0,1,1,פרי עץ חיים,~1573,,שמות אהי,זה תכוין באמרך,kollel,machine_extracted,
762,1,1,0,1,ירח האיתנים,,סי יא אני ה הוא שמי,צירופי השם יהו,בחי הטל אורות הנל,exact,machine_extracted,
763,4,2,2,4,בעל הטורים על התורה,~1300,,לא תלבש,אסורה להנות,exact,machine_extracted,
764,1,1,0,1,ידי משה על בראשית,,,לעיל פתך אפויה ואחז,אוצרותיך יהיו,exact,machine_extracted,
765,1,1,0,1,מגלה עמוקות,~1637,,כי בלבת אש,וזהו שאלף של,exact,machine_extracted,
766,2,1,1,2,"שיטה מקובצת על הש""ס",~1550,דף ח עמוד ב,לשלשים יום,ושבילי שבכל יום,exact,machine_extracted,
767,3,1,2,3,פרי עץ חיים שער השבת,~1573,,שמות יחד,וזה תכוין באמרך,kollel,machine_extracted,
768,1,0,1,1,"רמב""ם הלכות נזירות ג",,הלכה ו,ארבע הרי זה נזיר,נזירות מהן,kollel,machine_extracted,
770,5,5,0,2,מגלה עמוקות על איוב,~1637,,תשלם,תשע,exact,machine_extracted,
771,1,1,0,1,פרקי דרבי אליעזר,,,מניין תריא,הבה שנ אחת,exact,machine_extracted,
772,5,5,0,5,בעל הטורים על התורה,~1300,,וישתחוו לו,בכאן נתקיים החלום,exact,machine_extracted,
774,2,2,0,1,ספר קרניים,~1400,דרך פרט,קרן משיח בן דוד,תשעד,exact,machine_extracted,
775,1,1,0,1,ליקוטי שושנים (שמשון מאוסטרופולי),~1640,יג*,שף שצה,תשעה,exact,machine_extracted,
776,6,2,4,3,מעשה רוקח על המשנה,~1740,מסכת בבא קמא,תשעז,אהיה חומת אש,kollel,machine_extracted,
779,1,0,1,1,יהל אור,~1800,דף טז עמוד א,שלושה עב דסג,דחסד כמבואר בדברי הארי,kollel,machine_extracted,
780,2,0,2,2,בני יששכר מאמרי חודש כסלו טבת,~1830,קטו,השעות,להודות ולהלל. נקבעו,kollel,machine_extracted,
781,3,2,1,2,מעשה רוקח על המשנה,~1740,מסכת נזיר,תשפ,שכינתא,kollel,machine_extracted,
784,2,1,1,2,ספר חסידים,~1200,,אדם תעה מדרך,משתמד,exact,machine_extracted,
785,1,1,0,1,יהל אור,~1800,דף קנא עמוד א,אלו ב שמות,ג הויות שהן,exact,machine_extracted,
786,3,3,0,3,עץ חיים,~1573,פנימיים,השתפא,תשפו,exact,machine_extracted,
787,1,0,1,1,חשוקי חמד,,,מזמורי תהלים,שבתהלים,kollel,machine_extracted,
789,1,0,1,1,"ציצים ופרחים (יעב""ץ)",~1750,הערות צוויבל,להאמין בצבי מודח בחלומות,"מבודים בלתי מקובלים, אוי",kollel,machine_extracted,
790,2,1,1,2,עץ חיים,~1573,פרק ד - מת,וזש לעיל שלאה,מד שמות,kollel,machine_extracted,
792,1,1,0,1,מגלה עמוקות,~1637,,אל האבות באל שדי,שהוא תפ,exact,machine_extracted,
793,2,2,0,2,בעל הטורים על התורה,~1300,,חושן משפט,מכפר הרהור הלב,exact,machine_extracted,
794,1,1,0,1,עשרה מאמרות מאמר הנפש א ה,,,"באמת, והשם","שניהם יעקב, וסימנך אך",exact,machine_extracted,
795,1,0,1,1,אדרת תלבושת,,,שלחנו ש נים,מזלי שחק ש,kollel,machine_extracted,
798,1,1,0,1,בעל הטורים על התורה,~1300,פרשת נח,משחיתם,היא שלשה טפחים,exact,machine_extracted,
799,1,1,0,1,רפואה למכה,~1780?,מא,ענתה חסר ו,שהוא עיקר הזווג עי,exact,machine_extracted,
800,2,0,2,2,מגלה עמוקות,~1637,,הג שמות הם,הקבה מניח תפילין,kollel,machine_extracted,
802,4,3,1,3,ספר הפליאה,~1390,דה ותדע באמת כי זכר ונקבה הוא שמים,איש ואשה עדים בגן,כתר יעקב,exact,machine_extracted,
804,1,0,1,1,ליקוטי הלכות,~1840,אות יד,השלשה יחודים הנל,קדשת,kollel,machine_extracted,
805,2,1,1,2,ספר חיי העולם הבא,,,הנה יש צירופים,האלה מורים חכמת,kollel,machine_extracted,
806,5,4,1,5,מדרש לפירושים,~1450?,דרוש הרביעי - כללות כחב,שנותן,שורש,exact,machine_extracted,
807,2,1,1,2,מועד לכל חי,~1861,סימן זך,"ויחי, דתצרף","הנרות, ועיין",kollel,machine_extracted,
808,1,1,0,1,תורת העולה,~1570,פרק ח,ארבעים אמות בלבד,כאן ודברי הדרוש,exact,machine_extracted,
809,1,0,1,1,"בא""ח שנה שנייה פרשת שופטים",,פתיחה,"תישן, כל",אז. וטעם לשילוש,kollel,machine_extracted,
810,1,1,0,1,בני יששכר מאמרי חודש ניסן,~1830,יד,עשר פעמים,"ה נבאר: שם, רבי",exact,machine_extracted,
811,4,2,2,4,כלי יקר על דברים,~1602,פסוק ה,שדרשו,וישקוד ה על הרעה,kollel,machine_extracted,
812,4,3,1,3,בעל הטורים על התורה,~1300,,עיניכם רואות,והראיתי לכם המילה,kollel,machine_extracted,
814,1,0,1,1,"ציצים ופרחים (יעב""ץ)",~1750,מהדורת צוויבל,משכהו לבית,גדיש בעתו איוב,kollel,machine_extracted,
816,4,1,3,3,"שיטה מקובצת על הש""ס",~1550,דף ח עמוד א,ימות השנה,אם אמר כימות החמה,exact,machine_extracted,
817,3,0,3,3,בעל הטורים על התורה,~1300,פרשת תצוה,למאור להעלות,חצי לוג שמן לנר,kollel,machine_extracted,
818,4,2,2,4,מעשה רוקח על המשנה,~1740,מסכת מעשר שני,תיבות,ותיבת,exact,machine_extracted,
819,2,1,1,2,כף החיים (פאלאג'י),~1859,סימן לו,אור צדיקים ישמח,ארבע סעודות,exact,machine_extracted,
821,1,0,1,1,קול התור ג,,,וחשבון היינו בחושבנא,ונוטריקון. וכאמרם: לכו חזו,kollel,machine_extracted,
822,3,0,3,3,בעל הטורים על התורה,~1300,פרשת שמות,כאשר דבר אליהן,שתבען,kollel,machine_extracted,
823,9,7,2,7,מדרש לפירושים,~1450?,דרוש הרביעי - כללות כחב,אותיות,וישמעאל שנאחז,exact,machine_extracted,
824,1,0,1,1,מגלה עמוקות על איוב,~1637,,אותיות,נרמז הענין במש,kollel,machine_extracted,
826,4,4,0,4,מעשה רוקח על המשנה,~1740,מסכת יבמות,תתכו,חותם בן ישי,exact,machine_extracted,
827,7,5,2,4,עץ חיים,~1573,פרק ב,ד אותיות,נשאר סט ועם הכולל,exact,machine_extracted,
828,8,3,5,8,מנורת המאור (אבוהב),~1400,פרק ראשון,בתיבות או,האותיות,kollel,machine_extracted,
829,4,2,2,3,ילקוט שמעוני,~1260,,ועשה אותם,שנאמר ויקח חנון,kollel,machine_extracted,
830,3,1,2,2,בעל הטורים על התורה,~1300,פרשת ויצא,ופרצת ימה,קריעת ים,kollel,machine_extracted,
831,2,2,0,2,בעל הטורים על התורה,~1300,,אמרי שפר,שיר ושבחה,exact,machine_extracted,
832,9,9,0,7,טוב הארץ,~1655,מעלת ארץ ישראל לעתיד לבא,ארץ ישראל,לבנת ספיר,exact,machine_extracted,
835,3,1,2,3,דרושי שער הכוונות,~1573,,יב אותיות,שהם ג הויות הנה,exact,machine_extracted,
836,1,1,0,1,ספר יראים,~1190,קעג,לדבר נע. ונד תהיה,הוי. עמוד חמישי איסורים,exact,machine_extracted,
837,4,3,1,3,שער הכוונות,~1573,בענין הרמח תיבין,וכן ה הויות של,להוריד אותם הקל,kollel,machine_extracted,
838,2,2,0,2,עץ חיים,~1573,פרק ה,בזוהר פנחס דכל חשבון,במלכיות של,exact,machine_extracted,
839,3,2,1,3,כף החיים (פאלאג'י),~1859,סימן כה,תשעים ואחד,ועל ידי שעושה יחוד,exact,machine_extracted,
841,1,1,0,1,יערות דבש,~1770,דרוש ו,נקרא השטן בנון והוא,אצלינו רק השטם,exact,machine_extracted,
843,2,1,1,2,בן יהוידע,~1900,,"חשובין, וקראם מעט",שהוא אות המעט,kollel,machine_extracted,
844,2,1,1,2,לשון חכמים,~1900,תיקון היסוד,תתמד,דעת שלם,exact,machine_extracted,
845,2,1,1,2,"רמב""ן על בראשית ח ד",,,ושבו המים מעל הארץ,בהתחלת,exact,machine_extracted,
846,7,3,4,7,בעל הטורים על התורה,~1300,פרשת וירא,יושב פתח האהל,להכניס את האורחים,kollel,machine_extracted,
847,1,0,1,1,שער הפסוקים,~1573,פרק נד,ז אותיותיו,שהם נוה דזעיר כנודע,kollel,machine_extracted,
848,5,3,2,4,בעל הטורים על התורה,~1300,,מתחת,זו שילשול קטן,exact,machine_extracted,
849,2,2,0,2,מגלה עמוקות,~1637,,רצה לומר ארבעה,"יצחק, כי תורה",exact,machine_extracted,
850,3,2,1,3,ליקוטי שושנים (שמשון מאוסטרופולי),~1640,א*,תתן,תכלת,exact,machine_extracted,
851,3,2,1,3,קב הישר,~1705,,תכלת,מאות וחמשים,kollel,machine_extracted,
852,8,5,3,8,"שיטה מקובצת על הש""ס",~1550,דף ז עמוד א,כיון דפירש הימים אינו,אמר בפירוש אחד,exact,machine_extracted,
854,2,2,0,1,ליקוטי הלכות,~1840,אות נח,כי שני פעמים דרך,"חותם, כי עקר",exact,machine_extracted,
856,2,0,2,2,מדרש לפירושים,~1450?,דרוש התשיעי - קב חרובין,השרשים,פ חושבן יע של,kollel,machine_extracted,
857,2,0,2,2,בעל הטורים על התורה,~1300,,תשפכנו,פטור מלכסותו,kollel,machine_extracted,
859,3,3,0,2,ספר קרניים,~1400,דרך כלל,בשגם הוא בשר,ששים רבוא,exact,machine_extracted,
860,2,2,0,2,ספר קרניים,~1400,דרך כלל,אותיות אלו,שבבינה שהיא למעלה,exact,machine_extracted,
861,2,2,0,1,בני יששכר מאמרי חודש כסלו טבת,~1830,טוב,קרן השור,מתתיהו,exact,unverified,"Extraction may have joined two expressions standing near each other in Bnei Yissaschar, Kislev-Tevet, maamar 3, section 4: ""keren ha-shor"" and the mention of Matityahu occur there, but no explicit gematria equality and no 861 (tav-tav-samekh-alef) is present in the available text. Pending check against a printed leaf."
862,2,0,2,2,ספר קרניים,~1400,דרך פרט,ג אותיות אלו,מורה על יציאת,kollel,withdrawn,"Checked against the printed first edition (Sefer Karnayim, Zolkiew 1709, National Library of Israel, maamar 11, Dan Yadin commentary, pp. 32-33 of the NLI file): the two expressions belong to one sentence; the gematria discussed there is SAF = 210. The extraction split the sentence at the word ""be-gematria""; the sums matched by accident (863 and 862), so the row entered as kollel. No equality yielding 862 exists on that leaf."
863,1,1,0,1,בני יששכר מאמרי חודש ניסן,~1830,ד,ראש חדשים,גלגלת נוקבא רחל,exact,machine_extracted,
864,2,2,0,2,פרי עץ חיים,~1573,,ועם ב שמות,עה. וברצה תכוין,exact,machine_extracted,
865,2,0,2,2,שער הכוונות,~1573,כוונת ברוך הוא וברוך שמו ואמן,בגי תתמט,מב אותיות,kollel,machine_extracted,
866,1,0,1,1,בני יששכר מאמרי חודש כסלו טבת,~1830,פג,היינו בתוך הארציים,להיות שהנס,kollel,machine_extracted,
870,3,0,3,3,מגלה עמוקות,~1637,,כשניתנה לו,וכשחטף אות מ,kollel,machine_extracted,
872,2,2,0,1,ברית עולם על ספר חסידים,~1200,,תתחסד,משנת חסיד,exact,machine_extracted,
873,2,2,0,2,כף החיים (פאלאג'י),~1859,סימן י,אל תרגזו בדרך,ארבע ציצית,exact,machine_extracted,
874,1,1,0,1,שער הכוונות,~1573,שער הכוונות - דרושי ציצית דרוש ד,ציצית. כי ד פעמים,אחר צאתם לחוץ,exact,machine_extracted,
875,2,0,2,2,בעל הטורים על התורה,~1300,פרשת כי תבוא,אשר עשה,שבעים אומות,kollel,machine_extracted,
876,3,2,1,3,עולם אחד,~1480?,פרק צח - אחד עשר מי יודע,תתעו,אברהם יצחק יעקב רחל,exact,machine_extracted,
879,3,1,2,3,עץ חיים,~1573,פרק ו,יודין ואמא נקראת,דבינה אעפ שיש בהם,exact,machine_extracted,
882,1,0,1,1,בעל הטורים על התורה,~1300,,מראש צרים,מזכות אבות,kollel,machine_extracted,
884,1,0,1,1,שבט מוסר,,,במספר שוה עם המלה,חמור קליפה קשה,kollel,machine_extracted,
885,1,1,0,1,ספר ברית מנוחה הדרך השניה,,,וששה דרכים,ששה וכל דרך,exact,machine_extracted,
886,1,1,0,1,טור אורח חיים קב,,בית יוסף,ממש הראש,ומשמע שעלי היה,exact,machine_extracted,
891,2,2,0,1,מעשה רוקח על המשנה,~1740,מסכת מנחות,תתצא,ארון ובו כתר,exact,machine_extracted,
892,1,0,1,1,רפואה למכה,~1780?,ה,ייאי שניתנים,"בחבד שלו, בסוד: חכמת",kollel,machine_extracted,
895,1,1,0,1,עשרה מאמרות מאמר המידות ג,,,משכן העדות,אלף שי. וכתיב אלה,exact,machine_extracted,
897,2,0,2,2,דרושי שער הכוונות,~1573,,לדר דיצירה שהם,להיותם בדת,kollel,machine_extracted,
899,2,0,2,2,בן איש חי שנה א תצוה,,פתיחה,תתק,פשוטה דמנצפך. הרי,kollel,machine_extracted,
900,4,2,2,3,שושן סודות (שלם),~1500,אות כ - על עניינים כנגד האות ו:,תשר,מצפץ מצפץ מצפץ,exact,machine_extracted,
902,1,1,0,1,פרי עץ חיים,~1573,דרוש טו באב וטו בשבט,תמותון,תתקב,exact,machine_extracted,
903,4,1,3,4,דרושי שער הכוונות,~1573,,הנז הוא בכוונ שמות,בידם כמשית בעה,kollel,machine_extracted,
905,1,0,1,1,מעשה רוקח על המשנה,~1740,מסכת בבא בתרא,צדקה תרומם גוי,לפדות שכינה,kollel,machine_extracted,
906,8,7,1,7,בעל הטורים על התורה,~1300,,אילה שלוחה הנותן,ותשר,exact,machine_extracted,
907,2,1,1,2,בעל הטורים על התורה,~1300,,לשבעת הימים,לימי אבל מתושלח,exact,machine_extracted,
908,1,0,1,1,מעשה רוקח על המשנה,~1740,מסכת כלאים,ה פעמים גפן תמצא,מלכות בית,kollel,machine_extracted,
910,1,0,1,1,שער הפסוקים,~1573,סימן טל,"יוצאים החסדים הנזכר, שהם","והיסוד שהוא יוסף, נקרא",kollel,machine_extracted,
911,1,0,1,1,פרי עץ חיים שער עולם העשיה,~1573,,שהוא רת,ויכוין לעשות ג,kollel,machine_extracted,
912,1,0,1,1,מעשה רוקח על המשנה,~1740,מסכת בבא בתרא,בראשית,תתקיב,kollel,machine_extracted,
913,8,7,1,5,פירוש בעל הטורים על התורה,~1300,פסוק א,ישראל בחר בעמים,תריג יצר,exact,machine_extracted,
914,1,0,1,1,"ציצים ופרחים (יעב""ץ)",~1750,מהדורת צוויבל,בראשית,ממשפחת האם,kollel,machine_extracted,
915,1,0,1,1,מעשה רוקח על המשנה,~1740,מסכת הוריות,תתקיד,היה מבקש רחמים עליהם,kollel,machine_extracted,
916,1,0,1,1,"פרי עץ חיים שער ר""ח חנוכה ופורים",~1573,סוד שמונת ימי חנוכה,"כשיאמר נר, יכוין",נר. וכשיאמר חנוכה,kollel,machine_extracted,
917,1,1,0,1,בעל הטורים על התורה,~1300,,יראתו על פניכם,זה הוא בושת הפנים,exact,machine_extracted,
920,1,0,1,1,עץ חיים,~1573,פרק ה,אותיות מילוי,תרי. ואחכ אחוריים,kollel,machine_extracted,
922,1,0,1,1,מלאכת שלמה על נזיר,,משנה ז,בינתים ומביא קרבן,הרבה ולא נזירות,kollel,machine_extracted,
925,1,0,1,1,תיקוני זהר שלם,,תיקוני זהר דף יט/א,זרעין לתקונא,"האותיות והמלה, ודא",kollel,machine_extracted,
927,1,0,1,1,יקרא דשבתא,,סימן פז - לפי בחי הימים נוראים,הנקודות שהן,כנל. כי בשבת זוכין,kollel,machine_extracted,
930,6,4,2,5,מעשה רוקח על המשנה,~1740,מסכת קידושין,בהצטרפם יחד עולים שכז,עם ב תיבות,kollel,machine_extracted,
931,1,1,0,1,ספר קרניים,~1400,דרך כלל,בענין ג שמות,עם ג תיבות,exact,machine_extracted,
932,2,1,1,2,"מהרש""א על הש""ס",,חא ח עא,שיש הרבה מיני,תוצאות ובודאי,exact,machine_extracted,
935,2,1,1,2,תורת העולה,~1570,פרק שלשה ושלשים,כל ישראל שהם,"לוגין, וקיימין כולם לעתיד",kollel,machine_extracted,
936,1,1,0,1,מלחמות ה' (יחיא קאפח),,מלחמות ה,הפ או אומר שנרמז,תיבות. טוב ויפה,exact,machine_extracted,
937,1,1,0,1,כל בו,~1300,סימן צז,וקרחה שיקרח,והוא שהתרו בו,exact,machine_extracted,
938,3,1,2,3,מדרש לפירושים,~1450?,דרוש היז - כללות נהים,ויעקב איש תם,עם האותיות,kollel,machine_extracted,
939,1,0,1,1,שער הכוונות,~1573,יהי כבוד ואשרי יושבי,שמות דויסע ויבא ויט,פותח את ידיך,kollel,machine_extracted,
940,2,1,1,2,מגלה עמוקות,~1637,,של תורה,שנעלמה משניהם,kollel,machine_extracted,
942,1,1,0,1,פרי עץ חיים שער חג המצות,~1573,,עליו השלום תמה,"סר, והנה מחשבון רדו",exact,machine_extracted,
943,2,0,2,2,תיקון הכללי,,הקדמה,להוציא הטפה מהקלפה שלקחה,לילית עם החמש,kollel,machine_extracted,
944,1,1,0,1,ספר קרניים,~1400,פירוש דן ידין,רשת דם,תתקמד,exact,machine_extracted,
945,1,1,0,1,ספר קרניים,~1400,דרך כלל,תתקמה,לא תחרוש,exact,machine_extracted,
946,2,1,1,2,"קבצים מכתב יד קדשו – פנקס ""ראשון ליפו""",,מג.,תולדה דקרן נגיפה,יסודם גרם כל ההזיקות,kollel,machine_extracted,
947,1,0,1,1,נועם אלימלך,~1787,פרשת ויחי,היה לו חיות והשפעה,שבע עשרה,kollel,machine_extracted,
951,2,0,2,1,מעשה רוקח על המשנה,~1740,מסכת מנחות,ארון מנורה שולחן,ספר תורה,kollel,machine_extracted,
952,1,0,1,1,"פרי עץ חיים שער ר""ח חנוכה ופורים",~1573,,שממתקין ההג,"ידעת, שיסוד אבא מגולה",kollel,machine_extracted,
955,1,1,0,1,"ציצים ופרחים (יעב""ץ)",~1750,מהדורת צוויבל,תתקנה,מיכאל גבריאל נוריאל רפאל,exact,machine_extracted,
956,3,0,3,2,רפואה למכה,~1780?,י,ועם ה אותיות וה,"צר, והנה ידו פרש",kollel,machine_extracted,
958,2,2,0,2,לשון חכמים,~1900,סדר אב ורמזיהן,תתקנח,תיו ויו ריש הה,exact,machine_extracted,
959,2,2,0,2,מדרש לפירושים,~1450?,דרוש הטו - ספירת מלכות,כאמור. וזהו שאמר עזים,רחלים זכות רחל,exact,machine_extracted,
960,1,1,0,1,מעשה רוקח על המשנה,~1740,מסכת חולין,וגם ראשית,אברהם ושרה עם הכולל,exact,machine_extracted,
962,1,0,1,1,עולם אחד,~1480?,פרק עט,"שהודעתיך כמפ, ו",בראשית מט,kollel,machine_extracted,
964,1,1,0,1,בעל הטורים על התורה,~1300,פרשת כי תשא,את ראש בני,תרג שכך היו,exact,machine_extracted,
966,1,0,1,1,עולם אחד,~1480?,פרק פט - שנים מי יודע,תהי לשרך,כנודע. ושרשי,kollel,machine_extracted,
970,1,0,1,1,עשרה מאמרות,~1597,פרק ד,"עליה, ומלת הנחש באחד",עולה ששים רבוא,kollel,machine_extracted,
971,1,0,1,1,בעל הטורים על התורה,~1300,,ראשית גוים,שנלחם בישראל,kollel,machine_extracted,
973,2,0,2,2,דרושי שער הכוונות,~1573,,כו ועם הד אותיות,ונמצא שתכוין,kollel,machine_extracted,
974,1,1,0,1,פרי עץ חיים שער הנהגת הלימוד,~1573,,טהרת המחשבה,תתקעד,exact,machine_extracted,
975,3,3,0,3,מעשה רוקח על המשנה,~1740,מסכת תמורה,תתקעה,בחסד יש לו תקנה,exact,machine_extracted,
979,1,0,1,1,"ציצים ופרחים (יעב""ץ)",~1750,מהדורת צוויבל,אנת הוא רישה,ששך שגם היא,kollel,machine_extracted,
980,5,3,2,4,ליקוטי שושנים (שמשון מאוסטרופולי),~1640,יז,בית עין תיו ויו,תתקף,exact,machine_extracted,
984,2,0,2,2,מגלה עמוקות,~1637,,"מדין בנ רבתי, ואחר",און בא רבתי שהוא,kollel,machine_extracted,
987,1,0,1,1,מדרש לפירושים,~1450?,דרוש היח - כללות זונ,מלות יש רב,וכלומר שהם שלי,kollel,machine_extracted,
988,1,0,1,1,מעשה רוקח על המשנה,~1740,מסכת מעשרות,אחר אמרו תמצא,יהודה עם האותיות. ובזה,kollel,machine_extracted,
989,2,1,1,2,קב הישר,~1705,,תאכלו. כי בשר,"ושתים, וקל להבין",exact,machine_extracted,
991,2,1,1,2,פרדס רמונים כז יב,,,אמו כדפי. ולכן המעוברת,ובראש בצד השמאל י,kollel,machine_extracted,
992,2,2,0,2,מגלה עמוקות,~1637,,אמר משה אתה,והנה בשעת מעמד,exact,machine_extracted,
993,1,1,0,1,מעשה רוקח על המשנה,~1740,מסכת בכורים,תאנה שביכרה,שחרית כהן,exact,machine_extracted,
995,2,1,1,2,"גור אריה על רש""י במדבר טו",,פסוק לט,שיש להוציאו חוץ למחנה,על גב שציצת,exact,machine_extracted,
996,1,0,1,1,תרגום יונתן,,,ד ופקיד יתהון למימר,לקרתא מאחורי,kollel,machine_extracted,
997,1,0,1,1,רבינו בחיי על ויקרא,,פסוק ד,שהרי בגלגול אות,הרגעים ולכך מסיים הכתוב,kollel,machine_extracted,
999,1,0,1,1,מעשה רוקח על המשנה,~1740,מסכת שבועות,אלף,המסכתא. ולכך העמיד רבינו,kollel,example_withdrawn,"arithmetic check failed: 111 vs 999 (number word, not an equality)"
1000,6,4,2,5,בעל הטורים על התורה,~1300,פרשת ויקהל,ששת,ארבעים חסר אחת,exact,machine_extracted,
1001,2,0,2,1,ליקוטי הלכות,~1840,אות י,שמובא שם שיג,שלום במם סתומה וכו,kollel,machine_extracted,
1003,1,0,1,1,שער הכוונות,~1573,כוונת ברוך הוא וברוך שמו ואמן,דמה שלו עצמו שעולה,כנגד המלוי שנתן לה,kollel,machine_extracted,
1006,2,2,0,2,שער הפסוקים,~1573,סימן יט,תורת,תתרו,exact,machine_extracted,
1007,1,1,0,1,מגלה עמוקות,~1637,,שאתה רוצה,רל שהוצרך יחזקאל,exact,machine_extracted,
1008,2,1,1,2,מעשה רוקח על המשנה,~1740,מסכת מגילה,ותיבת גמול עולה,גוג ומגוג עם האותיות,exact,machine_extracted,
1009,2,0,2,1,ספר המידות (ברסלב),,ז,ביין עם האותיות,של אתרוג הדס,kollel,machine_extracted,
1011,3,0,3,3,מכות כג ב,,,וששים וחמש,ימות החמה ומאתים,kollel,machine_extracted,
1014,1,0,1,1,שער הכוונות,~1573,דרוש ד,הויות שהם ג פעמים,נקרא דכורא לפי שהוא,kollel,machine_extracted,
1020,4,4,0,3,פירוש קדמון על ספר חסידים,~1200,,הנה עתך עת,העומדת על פירקה,exact,machine_extracted,
1022,2,0,2,2,"חיי מוהר""ן קלו",,,התבות ורב,עשרה מאות,kollel,machine_extracted,
1024,1,0,1,1,מעשה רוקח על המשנה,~1740,מסכת בבא קמא,גופא שן רגל קרן,עון משחית אף וחמה,kollel,machine_extracted,
1025,2,0,2,2,"קל""ח פתחי חכמה",,,השערות הם,שביאר רשבי,kollel,machine_extracted,
1029,1,0,1,1,טור אורח חיים קיח,,בית חדש (בח),עולה אלף ותת,וכו כתב מהרשל,kollel,machine_extracted,
1032,1,1,0,1,"יד רמ""ה על הש""ס",,דף צז עמוד ב,חרבן בית שני,מאה ותישסרי,exact,machine_extracted,
1035,3,2,1,1,מעשה רוקח על המשנה,~1740,מסכת פאה,כשתחשוב,עם האותיות והכולל,kollel,machine_extracted,
1036,1,1,0,1,מעשה רוקח על המשנה,~1740,מסכת כריתות,כשתחשוב,כריתות,exact,machine_extracted,
1037,3,1,2,3,ספר קרניים,~1400,דרך כלל,ויתא ראשי עם,בראשית ח יא עלה,kollel,machine_extracted,
1038,1,0,1,1,טור אורח חיים תרנא,,בית חדש (בח),לולב וג קשרים שהוא,סנהדרין וג קשרים,kollel,machine_extracted,
1039,1,0,1,1,שער הפסוקים,~1573,פסוק א,"בגי אהיה, ובתוכם נכללת",אותיות ריו,kollel,machine_extracted,
1040,2,0,2,1,"ציצים ופרחים (יעב""ץ)",~1750,מהדורת וויקיטקסט,שקר אמת,זכר ונקבה ברא אותם,kollel,machine_extracted,
1041,1,1,0,1,רפואה למכה,~1780?,ט,הארת הג הויות,"למתק הדין, רק בלע",exact,machine_extracted,
1044,1,0,1,1,ספר תולדות אדם,,רמזי אותיות לחתימת ההקדמה (כב),שזהו סימן טוב שדרום,תאיר בנר אלקים,kollel,machine_extracted,
1045,1,0,1,1,מנורת המאור (אבוהב),~1400,פרק שני,על המסית שאין דינו,ואין צריך התראה. ואם,kollel,machine_extracted,
1046,1,0,1,1,מגלה עמוקות,~1637,,"הם המלואים, הם אותיות","שהם קנט, לכן מבקש",kollel,machine_extracted,
1047,1,1,0,1,מדרש תנחומא וילך,,פרשה ב,אמת. שורק,שש מאות,exact,machine_extracted,
1053,1,0,1,1,בעל הטורים על התורה,~1300,,אשר סביבות החלל,בראשו של הרוג,kollel,machine_extracted,
1054,1,0,1,1,תוכחת חיים פרשת נשא,,סדר נשא,הגמרא שיכור חסר,דפרשת יין,kollel,machine_extracted,
1055,2,0,2,2,טור ברקת,~1650,טור ברקת,כה תברכו את,מתתיה ובניו כסליו,kollel,machine_extracted,
1058,1,1,0,1,תפארת ישראל על קינים,~1590,משנה ב,המפורשות היו,הסתום מטעם שבסי טז,exact,machine_extracted,
1059,1,1,0,1,מעשה רוקח על המשנה,~1740,הקדמה לספר מעשה רוקח,ועם הד אותיות עולה,אא ר שמעלקא שיהא,exact,machine_extracted,
1060,2,1,1,2,דרושי שער הכוונות,~1573,,ואז תעשה בחי נר,ותתייחד עם בעלה בג,kollel,machine_extracted,
1064,1,1,0,1,כל בו,~1300,סימן יא,אמן יותר מן המברך,השם בקריאתו,exact,machine_extracted,
1067,1,1,0,1,שער הפסוקים,~1573,סימן ג,"בחי שבת, שהם",שלהבת של,exact,machine_extracted,
1068,2,0,2,1,ראה מעשה,,"טוב וישר ה על כן יורה חטאים בדרך (תהלים כה, ח).",תקון של עקיבא,ושלשים במספר,kollel,machine_extracted,
1069,1,0,1,1,מגלה עמוקות על איוב,~1637,,כשם שעבר ממנו,עברה ישועתו,kollel,machine_extracted,
1072,8,0,8,5,תפארת ישראל על תענית,~1590,משניות ב-ד,הנקראים אנשי מעמד וחלקו,משמרות כהונה,kollel,machine_extracted,
1073,3,1,2,3,מעשה רוקח על המשנה,~1740,מסכת בבא קמא,טען פשתן עם ג,אף וחמה עם התיבות,kollel,machine_extracted,
1075,1,1,0,1,יהל אור,~1800,דף מט עמוד ג,שיר השירים,תתרעה,exact,machine_extracted,
1077,1,1,0,1,פני משה על ירושלמי,,הלכה ד,נדר מנין נזירות,שער ראשו,exact,machine_extracted,
1079,1,1,0,1,רבינו בחיי על במדבר,,פסוק ד,תעשה בבקר,לארבע שעות,exact,machine_extracted,
1080,1,0,1,1,מעשה רוקח על המשנה,~1740,מסכת ראש השנה,האותיות והכולל עולים,אדני להורות שיום זה,kollel,machine_extracted,
1081,8,5,3,2,"ציצים ופרחים (יעב""ץ)",~1750,הערות ר אלימלך צוויבל (תשעו),מעצמו המתפשט,וזה שמו מורה האדנות,kollel,machine_extracted,
1083,2,0,2,2,ספר יוחסין מאמר ראשון,,האלף השני,בן שלש שנים,עקב אשר שמע,kollel,machine_extracted,
1084,1,0,1,1,שער הגלגולים,~1573,שורש קין,הנזכרים. ולכן רת מה,"רמי שהוא העליון, נשא",kollel,machine_extracted,
1087,1,0,1,1,"לקוטי מוהר""ן כא",,,שהיא כורעת לילד,יענך ואז מולדת והשבעין,kollel,machine_extracted,
1088,1,1,0,1,בעל הטורים על התורה,~1300,,ושמעו בני יעקב. ושמעו,הוא ביקש לגלות הקץ,exact,machine_extracted,
1094,1,1,0,1,"שער מאמרי רשב""י",~1573,על זוהר שיר השירים,הם תתרו. גם,כמו שביארתי בסוד היחוד,exact,machine_extracted,
1096,2,1,1,2,מגלה עמוקות על איוב,~1637,,והמספר של מאה וארבעים,שקם מנפילתו וחייו,exact,machine_extracted,
1097,1,1,0,1,"לקוטי מוהר""ן כג",,,זה ממון עם אותיותיו,כנגד קם קלין שהשכינה,exact,machine_extracted,
1101,2,2,0,2,שושן סודות (שלם),~1500,אות רפג - הסבר לשמות:,תפארתך,ארבעה אותיות,exact,machine_extracted,
1105,1,0,1,1,סנהדרין צט א,,,ג מאות וששים,ימות החמה שנאמר,kollel,machine_extracted,
1108,1,0,1,1,"רבינו אשר על הש""ס",,דף ז עמוד א,מזו. הלכך אמרינן דגזירות,שערות קבל,kollel,machine_extracted,
1109,1,0,1,1,נחל אשכול,,ב:א,יותר ונעשה אני,אחד יותר על מספר,kollel,machine_extracted,
1110,1,0,1,1,"ציצים ופרחים (יעב""ץ)",~1750,מהדורת צוויבל,שאמר תהלים סח טו,הבוערת באש דינין,kollel,machine_extracted,
1112,1,1,0,1,כד הקמח,,ציצית,קבלתם וידיעתם,מופת ועדות על,exact,machine_extracted,
1116,3,3,0,2,בעל הטורים על התורה,~1300,פרשת בראשית,בראשית ברא,בראש השנה נברא,exact,machine_extracted,
1117,1,0,1,1,שער הפסוקים,~1573,סימן כה,אשר האחוריים שלה,וזהו ושעשע יונק. נמצא,kollel,machine_extracted,
1120,2,0,2,2,שער הכוונות דרוש חנוכה דרוש א,~1573,,בחינת נר חנוכה שהוא,הנזכר ותתייחד,kollel,machine_extracted,
1122,3,0,3,3,ספר קרניים,~1400,פירוש דן ידין,שפירשנו למעלה,בסוד ותרא אותו כי,kollel,machine_extracted,
1128,2,1,1,2,ליקוטי הלכות,~1840,אות ד,הרבה תפלות,"ואתחנן, כמו שאמרו",exact,machine_extracted,
1134,1,0,1,1,בעל הטורים על התורה,~1300,,למשכן עצי שטים עמדים,לכפר למעשה שטים,kollel,machine_extracted,
1135,1,0,1,1,"פרי עץ חיים שער ר""ח חנוכה ופורים",~1573,,"ג הויות ביסודו, יותר",אור זה מתפשט ביסודה,kollel,machine_extracted,
1137,1,0,1,1,חיים תחילה,,אופן ב,אותו באהבה וברחימותא דלבא,קטן כמש בתיקונים,kollel,machine_extracted,
1138,1,0,1,1,"ספר המצוות רמב""ן שרשים",,,ותרמוז. וכבר רמזה,עשה הקבה עם ישראל,kollel,machine_extracted,
1139,1,0,1,1,מעשה רוקח על המשנה,~1740,מסכת בכורות,מן הח פרקים ראשונים,תיבות כי רעה היא,kollel,machine_extracted,
1143,1,0,1,1,פני משה על ירושלמי,,הלכה ו,כן אמר רא בברכות,ראשון ושני כן מנין,kollel,machine_extracted,
1145,2,0,2,1,מעשה רוקח על המשנה,~1740,מסכת פסחים,לחם עני עם האותיות,כלפי חסד עם התיבות,kollel,machine_extracted,
1148,1,0,1,1,מעשה רוקח על המשנה,~1740,מסכת כריתות,כריתות עולה,תיבות של,kollel,machine_extracted,
1155,1,0,1,1,"קיצור ליקוטי מוהר""ן כח",,,ומשמשו. וזה תמד,אלף שהוא תקון האלפין,kollel,machine_extracted,
1156,1,0,1,1,מעשה רוקח על המשנה,~1740,מסכת שבועות,שב תיבות אלו,שמות קודש,kollel,machine_extracted,
1157,1,1,0,1,שער הפסוקים,~1573,מגילת אסתר,אסתר בת דודו: דע,"פחות עשרה, והוא סוד",exact,machine_extracted,
1162,1,0,1,1,מדרש שמואל (אוזידא),,משנה יח,לשער כל טיפין שבים,כמו רדו שמה שאמר,kollel,machine_extracted,
1163,1,0,1,1,"ציצים ופרחים (יעב""ץ)",~1750,מהדורת ויקיטקסט,סמל עשו רהב ישמעאל,רשות הרבים,kollel,machine_extracted,
1166,1,0,1,1,תוכחת חיים פרשת פקודי,,סדר פקודי,הרמז ברת איש,"האמונה יתירה ורב, כדבר",kollel,machine_extracted,
1171,2,0,2,1,קב הישר,~1705,,ארבע מאות ושמונים,"כך, כשחרבה ירושלים",kollel,machine_extracted,
1172,1,1,0,1,סנסן ליאיר,,ב,העיר מקס מטבעות כסף,שמות הקדש אהוה,exact,machine_extracted,
1176,1,0,1,1,"שו""ת רשב""ץ (תשב""ץ)",,,בפשטיה דשתיהן,ולחזר אחר סברותיו אלא,kollel,machine_extracted,
1178,2,1,1,2,מדרש לפירושים,~1450?,דרוש הרביעי - כללות כחב,הארי זלהה בכוונות הקידוש,שני שמות עב,exact,machine_extracted,
1179,1,1,0,1,ליקוטי הלכות,~1840,אות ח,כלליות כל הצמצומים שזה,"מנצפך, כמו שמובא בכונות",exact,machine_extracted,
1183,1,1,0,1,"נפש דוד (רד""ל)",~1850,דף רמב עמוד ב,בשסה בשנות החמה,שבתוכחה שסבלן,exact,machine_extracted,
1200,2,2,0,2,קול התור ג,,,בשלם סוכו ומעונתו בציון,וישרון בחרתי בו,exact,machine_extracted,
1202,3,3,0,2,"ציצים ופרחים (יעב""ץ)",~1750,מהדורת ר אלימלך צוויבעל (תשעו),אברם ישחק ישראל,בראשית ברא אלהים,exact,machine_extracted,
1203,3,0,3,2,"ציצים ופרחים (יעב""ץ)",~1750,מהדורת ויקיטקסט,מלכות שמים. אלהי נכר,הכולל. מקביל לעוברי ברית,kollel,machine_extracted,
1205,1,0,1,1,"בא""ח שנה ראשונה מטות",,פתיחה,כה אותיות בנוסח הברכה,לרמוז שצריך האדם לברך,kollel,machine_extracted,
1206,1,1,0,1,ספר החינוך (סדר דפוס פרנקפורט),,,"רשאי, ובלבד שיהיו האחרונים",ויש חולקין דעת הראבד,exact,machine_extracted,
1208,1,0,1,1,ספר קרניים,~1400,דרך פרט,מהרש היד שהשם,התלבשותה במטט,kollel,machine_extracted,
1212,5,1,4,2,קב הישר,~1705,,רעה לישראל. ושני,שאין כן כאשר נחרב,exact,machine_extracted,
1216,2,0,2,2,שער הפסוקים,~1573,פרשת וירא,"שם אדני, שהוא במלכות",הפשוטות שהם סה,kollel,machine_extracted,
1221,1,1,0,1,"ציצים ופרחים (יעב""ץ)",~1750,מהדורת ר אלימלך צוויבעל (תשעו),אבנים טובות ומרגליות,חכמה בינה תפארת,exact,machine_extracted,
1223,1,0,1,1,רפואה למכה,~1780?,ג,שיש בו הארת,בעצי היער שהוא חותם,kollel,machine_extracted,
1225,1,0,1,1,"רא""ש על התורה",,לח,והחוליות והקשרים והחוטין,של אדם ודוק ותשכח,kollel,machine_extracted,
1231,1,1,0,1,עולם אחד,~1480?,פרק צז - עשרה מי יודע,עשרת הדברים,כתר תורה,exact,machine_extracted,
1243,1,0,1,1,כד הקמח,,מזוזה,אם שמוע. וגם שיכתוב,אותיות כי יש לכל,kollel,machine_extracted,
1244,1,0,1,1,פרדס רמונים כג יד,,,עי השפעת מנין נימין,וענפים שביסוד. לפי כללות,kollel,machine_extracted,
1248,1,0,1,1,זמרת הארץ,,סימן ט-מעשה מחכם ותם,מאורי אור אשר פרד,מנצפך עם האותיות. כי,kollel,machine_extracted,
1265,1,1,0,1,ספר קרניים,~1400,פירוש קרן הצבי,כוסות שיש בו המנין,שבכח הצירופים נעשה הדין,exact,machine_extracted,
1266,1,0,1,1,ירח האיתנים,,סי ז ואלה המשפטים,הסתרת פניםבחי,עוסקין העיקר להמתיק,kollel,machine_extracted,
1271,1,0,1,1,עץ חיים,~1573,אלו הכללים שעשה הרחו זל בקטנותו:,תחתונות,וכשנצטרף הדר שבה,kollel,machine_extracted,
1272,1,0,1,1,מדרש שמואל (אוזידא),,משנה י,והשכר צפון לעתיד,יש עולמות וכמו שאזל,kollel,machine_extracted,
1275,1,0,1,1,מנחות מג ב,,רשי,כל מצות ועוד דציצית,תר וה קשרים וח,kollel,machine_extracted,
1286,2,2,0,1,מעשה רוקח על המשנה,~1740,מסכת כריתות,שלשים ושש,עליהן נחרב בית המקדש,exact,machine_extracted,
1293,1,0,1,1,ילקוט שמעוני,~1260,,ועשרין וחד לוגי שנאמר,הוי: ותעל שכבת הטל,kollel,machine_extracted,
1301,1,0,1,1,נועם אלימלך,~1787,פרשת ויחי,שבע עשרה שנה,השם הקדוש במספר קטן,kollel,machine_extracted,
1314,1,0,1,1,שער הפסוקים,~1573,סימן סה,"אתמר, שאלהים ברבועו","ממאתים העיקר, שהוא אלהים",kollel,machine_extracted,
1325,1,1,0,1,בעל הטורים על התורה,~1300,פרשת בלק,ואשר תאר יואר,שקיללתה את מואב,exact,machine_extracted,
1327,1,0,1,1,יוסף תהלות,~1780,פסוקים א-ד,עשר ספירות,ישראל. ממצרים רמז טעם,kollel,machine_extracted,
1337,2,0,2,2,טור יורה דעה רעב,,טור,בפסוק האחרון תיבות,"שבשאר הדפין, יעשה",kollel,machine_extracted,
1343,1,1,0,1,ימי התלאות,,,הייתי אומר שזהו שגם,מספר מנין התבות,exact,machine_extracted,
1346,1,0,1,1,מעשה רוקח על המשנה,~1740,סדר קדשים. מסכת זבחים,מלכות. והתחלת,שם שדי שהוא עיקר,kollel,machine_extracted,
1350,1,0,1,1,פרי עץ חיים,~1573,,נקודות ב שמות אלו,ועם כללות ב שמות,kollel,machine_extracted,
1356,1,1,0,1,"רש""ש על המשנה",,ג,כדאמר בברייתא מונה שסה,הזכיר השעות וככ הרמבם,exact,machine_extracted,
1373,1,1,0,1,חיים תחילה,,אופן טז,הציוני בראשית ברא אלהים,אברהם יצחק וישראל עש,exact,machine_extracted,
1382,2,2,0,1,ספר קרניים,~1400,דרך פרט,פתוח תפתח,תתתקפב,exact,machine_extracted,
1392,1,1,0,1,בעל הטורים על התורה,~1300,,ותכל כל עבדת משכן,בעשרים וחמשה בכסלו נגמר,exact,machine_extracted,
1398,1,0,1,1,פרי עץ חיים שער עולם העשיה,~1573,,תמצא כי עיקר ימות,שסה. שהם המוחין דקטנות,kollel,machine_extracted,
1410,1,1,0,1,עשרה מאמרות מאמר המילואים,,,"למקצתן, וההיפך הצירוך לרובה",הכפולות שכנגדן ךז אבות,exact,machine_extracted,
1411,1,1,0,1,קול התור ו,,,התיבות של פסוק זה,ה רבוא בחושבנא. האותיות,exact,machine_extracted,
1418,1,1,0,1,מעשה רוקח על המשנה,~1740,מסכת מנחות,האותיות אלף תעט,"ספר תורה במכוון, שגם",exact,machine_extracted,
1433,1,0,1,1,מדרש תנחומא צו,,פרשה יג,"את המאכלת, ותמצא",הבדיקות שעושין לסכין,kollel,machine_extracted,
1447,1,1,0,1,כד הקמח,,דינין,הדברות מלאים קטרת,קוף בדלת באותיות,exact,machine_extracted,
1452,1,1,0,1,בעל הטורים על התורה,~1300,,היקום אשר עשיתי,לא חיים לתחיית המתים,exact,machine_extracted,
1457,1,0,1,1,סנהדרין ק א,,,יש ואוצרותיהם אמלא יש,תלת מאה ועשרה,kollel,machine_extracted,
1461,1,1,0,1,עץ חיים,~1573,פרק ה,ספירות פרטיות,כב אותיות התורה,exact,machine_extracted,
1465,1,0,1,1,כף החיים (פאלאג'י),~1859,סימן טו,"ד מלואים, וראשי תיבות",שכתב בקיצור שלה,kollel,machine_extracted,
1466,1,1,0,1,בעל הטורים על התורה,~1300,פרשת משפטים,אשר תשים לפניהם,דקדוקי התורה ודקדוקי סופרים,exact,machine_extracted,
1474,1,0,1,1,ספר קרניים,~1400,פירוש קרן הצבי,שבא קמץ עם תלת,הניקוד של מלת צבאות,kollel,machine_extracted,
1481,1,0,1,1,מגלה צפונות,~1700,,לאמר שאו את ראש,דבשביל התורה ויציאת,kollel,machine_extracted,
1484,1,1,0,1,טור אורח חיים סא,,בית יוסף,נחמיה: בקריאת שמע רמח,"אדם, והקורא קריאת שמע",exact,machine_extracted,
1492,1,0,1,1,עולם אחד,~1480?,פרק צו - תשעה מי יודע,ספירות פרטיות וכו,כז אותיות התורה וכ,kollel,machine_extracted,
1493,1,1,0,1,שער הפסוקים,~1573,סימן קמו,גם רת ודרך רשעים,אותיות של שם,exact,machine_extracted,
1496,1,1,0,1,מגלה עמוקות,~1637,,על בית שני שנחסרו,אצבעות שביד. והנה התפלל,exact,machine_extracted,
1499,1,1,0,1,מדרש תנחומא וילך,,פרשה א,"לומר, שיש בתורה","משמרות שהעמיד דוד, לכך",exact,machine_extracted,
1512,1,0,1,1,"רמב""ם הלכות כלי המקדש והעובדין בו ז",,הלכה יב,על החותמות ונותן לו,היה מצורע עשיר נותן,kollel,machine_extracted,
1514,1,0,1,1,דרושי שער הכוונות,~1573,,נמשכ נשמת מרעה,נוצר שהם אותיות,kollel,machine_extracted,
1540,2,2,0,1,ספר קרניים,~1400,פירוש דן ידין,עשר תעשר,תתתשמ,exact,machine_extracted,
1541,2,0,2,2,מדרש לפירושים,~1450?,דרוש כב - שלשה קוין,פרטיות שלימות והם,כי התפארת נעשה,kollel,machine_extracted,
1565,1,0,1,1,אבודרהם,,סדר תפילות החול,מענינה שעולין תיבותיהם,עשיתי אני בראשונה מנין,kollel,machine_extracted,
1570,2,0,2,1,"ציצים ופרחים (יעב""ץ)",~1750,מהדורת ויקיטקסט,את האורים ואת התומים,שם בן שבעים ושתים,kollel,machine_extracted,
1606,1,0,1,1,מעשה רוקח על המשנה,~1740,מסכת ביצה וגם נקראת יום טוב,ראשי האותיות עם סופי,שכל הספירות הקדושים יהיה,kollel,machine_extracted,
1662,1,0,1,1,רבינו בחיי על שמות,,פסוק א,עשרת הדברות מלאה,בדלת באותיות את,kollel,machine_extracted,
1716,1,0,1,1,שער הגלגולים,~1573,,שאתה נותן בתוך היין,"יודין, שיש בארבעה שמות",kollel,machine_extracted,
1762,2,2,0,2,כסף משנה,,פרק ח,פרעות בישראל בהתנדב,ויא בששה שברכו ששי,exact,machine_extracted,
1799,1,0,1,1,"פרי עץ חיים שער ר""ח חנוכה ופורים",~1573,,ואת יקר תפארת,"גדול, מכנסים כתונת מצנפת",kollel,machine_extracted,
1901,1,1,0,1,קב הישר,~1705,,אותיות הראשונות הם חזן,אדנות. אותיות אמצעיות,exact,machine_extracted,
1913,1,1,0,1,פרפראות לחכמה,,אות ב,"שמירת הברית, ושם",יתקדש כמבואר שם בכוונות,exact,machine_extracted,
1994,1,0,1,1,מעשה רוקח על המשנה,~1740,מסכת קנים,שיש תתקנה רקיעים,כשתחשוב אות ם סתומה,kollel,machine_extracted,
2054,1,1,0,1,מדרש תנחומא הקדום,,,שמונה עשר ושלש מאות,שלש מאות ושמונה עשר,exact,machine_extracted,
