fact,key,value,source
verses_with_consonant_sum_861,Ps.119.91,1,"WLC/OSHB consonants, own computation"
words_summing_861_by_book,Exod,15,WLC/OSHB
words_summing_861_by_book,Ezek,8,WLC/OSHB
words_summing_861_by_book,Num,6,WLC/OSHB
words_summing_861_by_book,Deut,5,WLC/OSHB
words_summing_861_by_book,2Chr,4,WLC/OSHB
words_summing_861_by_book,1Chr,3,WLC/OSHB
words_summing_861_by_book,1Kgs,3,WLC/OSHB
words_summing_861_by_book,Jer,2,WLC/OSHB
words_summing_861_by_book,1Sam,1,WLC/OSHB
words_summing_861_by_book,2Kgs,1,WLC/OSHB
words_summing_861_by_book,Ezra,1,WLC/OSHB
words_summing_861_by_book,Gen,1,WLC/OSHB
words_summing_861_by_book,Josh,1,WLC/OSHB
words_summing_861_by_book,Judg,1,WLC/OSHB
words_summing_861_by_book,Neh,1,WLC/OSHB
words_summing_861_by_book,Ps,1,WLC/OSHB
words_by_sum_band,860,354,WLC/OSHB
words_by_sum_band,861,54,WLC/OSHB
words_by_sum_band,862,39,WLC/OSHB
words_with_sum_equal_divisor_of_861,3,304,WLC/OSHB
words_with_sum_equal_divisor_of_861,7,725,WLC/OSHB
words_with_sum_equal_divisor_of_861,21,619,WLC/OSHB
words_with_sum_equal_divisor_of_861,41,1843,WLC/OSHB
words_with_sum_equal_divisor_of_861,123,368,WLC/OSHB
words_with_sum_equal_divisor_of_861,287,127,WLC/OSHB
words_with_sum_equal_divisor_of_861,861,54,WLC/OSHB
corpus_tokens,total,306785,WLC/OSHB
corpus_verses,total,23213,WLC/OSHB
