value,portions_strict,portions_loose
1,0,0
2,0,0
3,46,35
4,3,1
5,1,2
6,30,5
7,24,46
8,19,47
9,39,30
10,14,10
11,8,18
12,9,53
13,53,46
14,53,38
15,16,24
16,19,38
17,42,44
18,36,46
19,52,49
20,47,44
21,35,39
22,25,42
23,38,28
24,37,33
25,39,46
26,54,54
27,19,33
28,26,30
29,17,24
30,52,54
31,46,54
32,33,28
33,20,31
34,23,30
35,11,30
36,42,54
37,20,53
38,13,34
39,14,35
40,26,47
41,39,51
42,27,45
43,27,42
44,40,41
45,31,46
46,49,47
47,12,53
48,21,33
49,30,47
50,54,54
51,39,47
52,51,54
53,33,35
54,35,41
55,47,51
56,54,53
57,41,47
58,33,54
59,35,34
60,49,50
61,35,52
62,54,54
63,29,33
64,17,40
65,25,34
66,28,50
67,27,41
68,38,49
69,10,27
70,28,49
71,23,41
72,19,35
73,32,38
74,33,54
75,45,48
76,39,54
77,21,29
78,40,38
79,35,32
80,25,54
81,40,48
82,28,38
83,19,34
84,32,44
85,23,43
86,50,51
87,30,40
88,30,38
89,29,26
90,53,54
91,31,46
92,27,45
93,26,34
94,23,30
95,26,37
96,33,44
97,15,32
98,20,32
99,10,27
100,49,54
101,47,44
102,32,44
103,39,32
104,40,38
105,41,46
106,33,51
107,36,43
108,43,46
109,14,29
110,50,49
111,29,33
112,28,37
113,9,29
114,30,40
115,21,54
116,25,53
117,17,27
118,44,35
119,19,20
120,48,54
121,25,38
122,9,33
123,26,29
124,35,41
125,34,28
126,41,46
127,19,25
128,15,32
129,12,22
130,52,52
131,27,30
132,12,37
133,15,33
134,16,17
135,34,39
136,39,49
137,16,27
138,41,41
139,14,21
140,54,52
141,41,40
142,11,38
143,7,14
144,26,40
145,27,37
146,43,50
147,15,22
148,25,31
149,3,22
150,42,43
151,31,30
152,22,34
153,4,24
154,12,17
155,28,39
156,38,47
157,25,23
158,15,21
159,10,13
160,49,46
161,15,35
162,14,33
163,13,22
164,8,18
165,21,35
166,19,43
167,25,24
168,3,17
169,7,17
170,38,54
171,5,12
172,13,23
173,1,11
174,3,8
175,5,26
176,10,35
177,4,10
178,6,13
179,2,8
180,37,43
181,12,12
182,20,20
183,1,1
184,15,20
185,9,19
186,38,33
187,8,18
188,7,21
189,5,6
190,45,46
191,6,35
192,6,19
193,1,8
194,19,18
195,24,21
196,8,24
197,3,20
198,3,8
199,5,9
200,40,38
201,9,16
202,32,29
203,30,25
204,19,13
205,32,29
206,50,51
207,32,39
208,35,36
209,24,33
210,43,45
211,36,40
212,28,40
213,16,28
214,39,31
215,21,38
216,52,43
217,27,36
218,30,36
219,17,44
220,36,44
221,24,21
222,28,48
223,9,22
224,36,31
225,14,36
226,11,41
227,35,38
228,29,33
229,0,15
230,22,33
231,3,12
232,22,20
233,24,22
234,13,12
235,5,20
236,8,26
237,9,8
238,15,29
239,12,31
240,29,34
241,53,34
242,4,18
243,20,17
244,4,20
245,16,25
246,36,36
247,26,29
248,35,42
249,9,20
250,21,20
251,47,36
252,14,27
253,19,24
254,17,26
255,27,18
256,44,42
257,40,48
258,17,18
259,31,35
260,26,34
261,8,31
262,10,32
263,2,31
264,28,21
265,16,18
266,17,28
267,12,13
268,5,13
269,6,19
270,44,36
271,8,52
272,45,40
273,23,17
274,8,23
275,21,30
276,24,36
277,41,30
278,33,41
279,0,24
280,45,41
281,13,28
282,21,25
283,19,21
284,12,13
285,15,32
286,9,34
287,14,20
288,14,19
289,15,19
290,35,34
291,49,37
292,11,19
293,5,39
294,19,25
295,11,16
296,16,49
297,15,28
298,29,20
299,7,21
300,43,37
301,44,38
302,49,39
303,11,35
304,17,36
305,25,27
306,46,50
307,29,37
308,44,46
309,28,19
310,37,41
311,54,53
312,43,44
313,19,32
314,21,41
315,15,23
316,3,34
317,38,50
318,39,43
319,13,20
320,29,32
321,16,21
322,42,39
323,31,38
324,15,30
325,1,22
326,5,17
327,12,27
328,20,27
329,6,20
330,19,31
331,22,39
332,17,16
333,7,20
334,3,12
335,4,9
336,8,25
337,11,27
338,27,26
339,11,13
340,49,47
341,21,31
342,11,36
343,6,11
344,7,16
345,42,53
346,19,40
347,7,24
348,42,31
349,9,8
350,42,38
351,31,38
352,28,26
353,27,30
354,17,37
355,42,41
356,20,36
357,10,35
358,23,25
359,14,21
360,52,48
361,32,35
362,15,24
363,4,17
364,8,13
365,9,30
366,28,37
367,2,18
368,11,19
369,0,9
370,39,29
371,14,17
372,40,38
373,2,10
374,2,10
375,44,43
376,44,44
377,22,26
378,8,26
379,0,5
380,49,49
381,4,30
382,13,32
383,1,14
384,0,8
385,36,44
386,30,38
387,4,9
388,12,15
389,9,6
390,44,29
391,16,18
392,20,42
393,7,14
394,2,8
395,27,41
396,3,9
397,1,26
398,27,28
399,8,7
400,44,47
401,30,54
402,30,28
403,32,16
404,38,39
405,15,38
406,14,52
407,19,53
408,24,42
409,46,43
410,50,47
411,20,29
412,45,45
413,31,41
414,26,38
415,44,41
416,25,32
417,19,30
418,39,39
419,9,16
420,52,48
421,26,37
422,34,36
423,13,24
424,15,21
425,22,19
426,45,46
427,2,13
428,20,42
429,26,16
430,42,38
431,11,22
432,14,29
433,2,15
434,22,28
435,21,36
436,13,19
437,8,15
438,18,26
439,14,17
440,40,42
441,28,52
442,6,29
443,17,25
444,20,21
445,24,23
446,38,37
447,32,41
448,17,25
449,9,24
450,44,36
451,37,40
452,19,39
453,7,15
454,25,23
455,25,28
456,41,49
457,25,40
458,35,32
459,2,15
460,45,36
461,14,38
462,27,30
463,13,20
464,4,23
465,14,24
466,28,42
467,5,17
468,24,31
469,2,17
470,27,23
471,19,27
472,6,32
473,11,22
474,31,31
475,15,27
476,25,31
477,3,8
478,11,18
479,17,26
480,29,28
481,18,39
482,12,26
483,11,10
484,22,22
485,15,21
486,15,22
487,4,15
488,37,33
489,8,15
490,33,33
491,42,25
492,6,11
493,8,11
494,19,28
495,18,21
496,15,27
497,10,28
498,26,17
499,4,9
500,48,41
501,45,54
502,38,28
503,12,26
504,17,27
505,26,25
506,39,45
507,11,43
508,46,42
509,5,19
510,35,26
511,25,35
512,18,25
513,11,19
514,25,31
515,19,20
516,26,34
517,2,10
518,14,23
519,7,12
520,37,33
521,11,49
522,1,22
523,4,2
524,13,17
525,10,12
526,19,23
527,3,14
528,5,19
529,6,9
530,30,29
531,17,29
532,4,15
533,0,7
534,4,10
535,11,16
536,29,35
537,2,12
538,22,20
539,6,5
540,34,32
541,50,50
542,6,18
543,6,17
544,3,22
545,18,16
546,23,35
547,7,20
548,18,21
549,0,5
550,33,24
551,22,21
552,3,18
553,3,10
554,3,6
555,10,12
556,14,23
557,20,3
558,3,13
559,8,10
560,17,16
561,4,11
562,3,22
563,3,7
564,1,7
565,2,5
566,7,16
567,2,4
568,1,9
569,4,3
570,41,41
571,1,14
572,5,10
573,1,1
574,0,1
575,26,28
576,11,21
577,1,7
578,6,12
579,0,1
580,36,29
581,4,14
582,3,12
583,0,0
584,3,12
585,5,10
586,12,22
587,0,5
588,4,5
589,1,2
590,32,24
591,4,6
592,1,10
593,0,2
594,5,4
595,3,8
596,10,22
597,0,5
598,1,1
599,1,0
600,36,29
601,25,11
602,7,13
603,6,2
604,21,11
605,15,12
606,32,40
607,24,19
608,14,17
609,12,14
610,31,27
611,30,22
612,26,28
613,5,9
614,21,7
615,5,17
616,17,31
617,12,21
618,5,10
619,9,4
620,39,29
621,13,15
622,12,19
623,3,5
624,4,6
625,3,8
626,9,21
627,11,7
628,5,7
629,0,1
630,31,26
631,4,5
632,4,10
633,3,15
634,0,3
635,16,14
636,6,16
637,4,18
638,0,3
639,0,2
640,21,14
641,36,24
642,0,7
643,2,10
644,0,1
645,6,15
646,6,8
647,8,35
648,12,3
649,2,3
650,31,20
651,32,30
652,5,7
653,2,4
654,3,4
655,3,22
656,15,23
657,1,10
658,3,9
659,1,3
660,19,6
661,2,10
662,6,8
663,2,1
664,0,3
665,7,15
666,6,10
667,2,9
668,3,8
669,0,3
670,30,21
671,1,3
672,19,10
673,3,4
674,1,13
675,13,4
676,17,23
677,11,9
678,5,12
679,3,3
680,34,29
681,17,24
682,10,13
683,2,5
684,1,2
685,4,7
686,8,20
687,1,10
688,6,13
689,1,2
690,20,13
691,6,6
692,8,7
693,3,4
694,0,3
695,6,7
696,5,11
697,2,3
698,11,11
699,0,1
700,29,17
701,44,29
702,39,24
703,10,5
704,3,15
705,10,18
706,10,13
707,11,28
708,31,34
709,14,18
710,29,27
711,4,16
712,24,19
713,7,16
714,2,12
715,7,12
716,6,14
717,11,3
718,8,16
719,3,5
720,8,6
721,0,7
722,8,14
723,3,10
724,12,5
725,4,1
726,1,6
727,0,2
728,8,12
729,0,0
730,17,23
731,3,19
732,10,13
733,0,1
734,2,7
735,2,3
736,3,12
737,3,12
738,12,16
739,0,3
740,26,14
741,5,6
742,5,6
743,1,8
744,8,13
745,4,12
746,16,23
747,6,3
748,22,19
749,2,2
750,39,29
751,7,7
752,8,11
753,3,6
754,0,12
755,4,9
756,11,23
757,2,1
758,25,19
759,3,3
760,26,15
761,8,10
762,1,5
763,1,10
764,1,11
765,0,14
766,6,13
767,0,2
768,3,6
769,1,1
770,32,12
771,0,6
772,26,24
773,0,0
774,0,2
775,25,26
776,40,27
777,1,3
778,5,9
779,0,0
780,37,29
781,2,4
782,5,6
783,0,4
784,1,2
785,2,1
786,4,29
787,0,7
788,10,7
789,1,1
790,20,22
791,3,4
792,1,2
793,1,5
794,5,8
795,0,2
796,3,8
797,0,1
798,2,6
799,1,1
800,36,16
801,9,0
802,5,8
803,0,3
804,8,4
805,4,7
806,6,35
807,7,3
808,9,31
809,10,4
810,17,26
811,3,6
812,1,11
813,0,2
814,7,10
815,3,6
816,8,14
817,1,4
818,0,7
819,2,4
820,24,16
821,0,2
822,8,7
823,0,1
824,3,7
825,3,3
826,1,20
827,0,0
828,12,12
829,1,3
830,25,35
831,0,1
832,12,15
833,0,0
834,4,5
835,5,8
836,3,10
837,0,2
838,9,6
839,0,0
840,22,12
841,0,5
842,2,2
843,0,2
844,2,2
845,2,1
846,6,12
847,0,0
848,5,15
849,1,1
850,30,26
851,3,4
852,3,6
853,0,4
854,1,3
855,13,8
856,8,23
857,1,2
858,7,8
859,1,0
860,31,27
861,0,12
862,3,2
863,0,3
864,1,2
865,0,4
866,1,16
867,0,1
868,0,4
869,1,2
870,13,10
871,0,0
872,4,5
873,0,0
874,1,5
875,0,6
876,1,6
877,0,2
878,9,8
879,0,0
880,1,5
881,1,1
882,0,0
883,0,2
884,1,0
885,0,0
886,4,7
887,0,0
888,6,3
889,0,1
890,15,4
891,0,0
892,1,0
893,0,0
894,1,5
895,0,1
896,5,12
897,1,1
898,0,8
899,0,0
900,23,12
901,2,2
902,4,4
903,2,1
904,4,5
905,1,5
906,10,11
907,1,0
908,7,6
909,1,1
910,15,7
911,16,13
912,1,6
913,2,3
914,0,2
915,0,1
916,7,12
917,0,4
918,0,2
919,0,2
920,0,0
921,0,5
922,1,2
923,0,0
924,1,1
925,0,1
926,0,1
927,0,0
928,1,4
929,0,0
930,2,13
931,0,0
932,0,0
933,2,0
934,0,0
935,1,12
936,2,5
937,0,0
938,0,0
939,0,2
940,19,10
941,3,0
942,1,1
943,0,1
944,0,0
945,3,4
946,13,19
947,0,0
948,2,2
949,0,0
950,4,6
951,4,5
952,0,1
953,0,0
954,0,0
955,0,1
956,2,8
957,2,3
958,0,1
959,0,0
960,2,3
961,0,0
962,0,3
963,0,0
964,0,0
965,0,0
966,0,3
967,0,1
968,0,0
969,0,0
970,10,11
971,0,0
972,0,1
973,0,0
974,0,1
975,1,1
976,1,4
977,0,0
978,1,2
979,0,0
980,23,13
981,0,1
982,0,1
983,0,0
984,0,0
985,1,2
986,6,15
987,0,0
988,0,0
989,0,0
990,3,3
991,2,0
992,0,0
993,0,0
994,0,0
995,0,1
996,0,5
997,0,2
998,0,0
999,0,0
1000,13,12
1001,0,0
1002,0,0
1003,1,1
1004,0,0
1005,0,0
1006,14,11
1007,1,1
1008,1,1
1009,1,1
1010,8,8
1011,0,1
1012,1,0
1013,0,0
1014,0,0
1015,0,6
1016,1,2
1017,0,1
1018,1,3
1019,0,0
1020,9,6
1021,0,0
1022,3,7
1023,0,0
1024,0,0
1025,0,0
1026,1,3
1027,0,0
1028,0,0
1029,0,0
1030,21,14
1031,0,0
1032,0,1
1033,0,0
1034,0,0
1035,0,0
1036,1,9
1037,0,0
1038,0,0
1039,0,0
1040,6,2
1041,0,0
1042,0,0
1043,0,0
1044,0,0
1045,0,1
1046,11,8
1047,0,0
1048,1,1
1049,0,0
1050,0,2
1051,0,1
1052,0,1
1053,0,0
1054,0,0
1055,0,0
1056,5,2
1057,0,0
1058,0,1
1059,0,0
1060,0,1
1061,0,3
1062,0,0
1063,0,0
1064,0,0
1065,0,0
1066,0,1
1067,0,2
1068,0,0
1069,0,0
1070,1,2
1071,0,0
1072,0,0
1073,0,0
1074,0,0
1075,1,0
1076,1,2
1077,0,0
1078,0,0
1079,0,0
1080,0,2
1081,2,1
1082,0,1
1083,0,0
1084,0,0
1085,1,0
1086,0,1
1087,0,0
1088,0,0
1089,0,0
1090,0,1
1091,0,1
1092,0,0
1093,0,0
1094,0,0
1095,0,0
1096,0,0
1097,0,0
1098,0,0
1099,0,0
1100,7,3
1101,0,0
1102,6,5
1103,0,0
1104,0,0
1105,4,4
1106,6,2
1107,0,0
1108,4,4
1109,0,0
1110,2,1
1111,0,1
1112,2,4
1113,0,0
1114,2,1
1115,0,1
1116,0,0
1117,0,3
1118,4,3
1119,6,4
1120,2,1
1121,0,0
1122,0,0
1123,0,1
1124,0,0
1125,0,0
1126,0,1
1127,0,0
1128,0,0
1129,4,0
1130,0,3
1131,0,0
1132,0,0
1133,0,0
1134,0,0
1135,0,4
1136,0,5
1137,0,0
1138,0,0
1139,0,0
1140,0,0
1141,0,0
1142,0,0
1143,0,0
1144,0,0
1145,0,0
1146,1,0
1147,0,0
1148,0,1
1149,0,2
1150,2,1
1151,0,0
1152,0,0
1153,0,0
1154,0,0
1155,0,0
1156,0,1
1157,1,1
1158,0,0
1159,0,0
1160,0,0
1161,0,0
1162,0,0
1163,0,0
1164,0,2
1165,0,0
1166,0,0
1167,0,0
1168,0,0
1169,2,0
1170,1,0
1171,0,0
1172,0,0
1173,0,0
1174,2,1
1175,0,2
1176,0,0
1177,0,0
1178,0,0
1179,0,0
1180,2,2
1181,0,0
1182,0,0
1183,0,0
1184,0,0
1185,0,1
1186,0,0
1187,0,0
1188,0,0
1189,0,0
1190,2,0
1191,0,0
1192,0,0
1193,0,0
1194,0,0
1195,0,1
1196,0,0
1197,0,1
1198,0,0
1199,0,0
1200,3,2
1201,0,2
1202,0,0
1203,0,0
1204,0,0
1205,0,0
1206,2,2
1207,0,0
1208,0,1
1209,0,0
1210,3,2
1211,0,0
1212,0,1
1213,0,0
1214,0,0
1215,0,0
1216,0,1
1217,0,0
1218,2,1
1219,0,0
1220,0,1
1221,0,0
1222,0,0
1223,0,0
1224,0,0
1225,0,0
1226,0,1
1227,0,0
1228,0,0
1229,0,0
1230,0,0
1231,0,0
1232,0,0
1233,0,0
1234,0,0
1235,0,0
1236,0,0
1237,0,0
1238,0,0
1239,0,0
1240,0,0
1241,0,0
1242,0,0
1243,0,0
1244,0,0
1245,0,0
1246,0,0
1247,0,0
1248,0,0
1249,2,0
1250,0,0
1251,0,0
1252,0,0
1253,0,0
1254,0,0
1255,0,2
1256,0,0
1257,0,0
1258,1,1
1259,0,0
1260,0,0
1261,0,0
1262,0,0
1263,0,0
1264,0,0
1265,0,0
1266,0,0
1267,0,0
1268,0,0
1269,0,0
1270,0,0
1271,0,0
1272,0,0
1273,0,0
1274,0,0
1275,0,0
1276,1,1
1277,0,0
1278,0,0
1279,0,0
1280,0,0
1281,0,0
1282,0,0
1283,0,0
1284,0,0
1285,0,0
1286,0,0
1287,0,0
1288,0,0
1289,0,0
1290,0,0
1291,0,0
1292,0,0
1293,0,0
1294,0,0
1295,0,0
1296,0,0
1297,0,0
1298,0,0
1299,0,0
1300,0,0
1301,0,0
1302,0,0
1303,0,0
1304,0,0
1305,0,0
1306,0,0
1307,0,0
1308,0,0
1309,0,0
1310,0,0
1311,0,0
1312,0,0
1313,0,0
1314,0,0
1315,0,0
1316,0,0
1317,0,0
1318,0,0
1319,0,0
1320,0,0
1321,0,0
1322,0,0
1323,0,0
1324,0,0
1325,0,0
1326,0,0
1327,0,0
1328,0,0
1329,0,0
1330,0,0
1331,0,0
1332,0,0
1333,0,0
1334,0,0
1335,0,0
1336,0,0
1337,0,0
1338,0,0
1339,0,0
1340,0,0
1341,0,0
1342,0,0
1343,0,0
1344,0,0
1345,0,0
1346,0,0
1347,0,0
1348,0,0
1349,0,0
1350,0,0
1351,0,0
1352,0,0
1353,0,0
1354,0,0
1355,0,0
1356,0,0
1357,0,0
1358,0,0
1359,0,0
1360,0,0
1361,0,0
1362,0,0
1363,0,0
1364,0,0
1365,0,0
1366,0,0
1367,0,0
1368,0,0
1369,0,0
1370,4,0
1371,0,0
1372,0,2
1373,0,0
1374,0,0
1375,0,0
1376,1,2
1377,0,0
1378,0,0
1379,0,0
1380,0,0
1381,0,0
1382,0,1
1383,0,0
1384,0,0
1385,0,0
1386,0,0
1387,0,0
1388,0,0
1389,0,0
1390,0,0
1391,0,0
1392,0,0
1393,0,0
1394,0,0
1395,0,0
1396,0,0
1397,0,0
1398,0,0
1399,0,0
1400,2,2
1401,0,0
1402,0,0
1403,0,0
1404,0,0
1405,0,0
1406,0,0
1407,0,0
1408,0,0
1409,0,0
1410,0,0
1411,0,0
1412,0,0
1413,0,0
1414,0,0
1415,0,0
1416,0,0
1417,0,0
1418,0,0
1419,0,0
1420,0,0
1421,0,0
1422,0,0
1423,0,0
1424,0,0
1425,0,0
1426,0,0
1427,0,0
1428,0,0
1429,0,0
1430,0,0
1431,0,0
1432,0,0
1433,0,0
1434,0,0
1435,0,0
1436,0,0
1437,0,0
1438,0,0
1439,0,0
1440,0,0
1441,0,0
1442,0,0
1443,0,0
1444,0,0
1445,0,0
1446,0,0
1447,0,0
1448,0,0
1449,0,0
1450,0,0
1451,0,0
1452,0,0
1453,0,0
1454,0,0
1455,0,0
1456,0,0
1457,0,0
1458,0,0
1459,0,0
1460,0,0
1461,0,0
1462,0,0
1463,0,0
1464,0,0
1465,0,0
1466,0,0
1467,0,0
1468,0,0
1469,0,0
1470,0,0
1471,0,0
1472,0,0
1473,0,0
1474,0,0
1475,0,0
1476,0,0
1477,0,0
1478,0,0
1479,0,0
1480,0,0
1481,0,0
1482,0,0
1483,0,0
1484,0,0
1485,0,0
1486,0,0
1487,0,0
1488,0,0
1489,0,0
1490,0,0
1491,0,0
1492,0,0
1493,0,0
1494,0,0
1495,0,0
1496,0,0
1497,0,0
1498,0,0
1499,0,0
1500,1,1
